timestamp,video_id,video_name,frame_idx,sim_altitude_m,input_width,input_height,mode,classification_label,primary_model,model_switch_occurred,segmentation_skipped,human_count,clf_backend,seg_backend,human_backend,fps,instant_fps,total_inference_ms,total_latency_ms,classification_ms,segmentation_ms,model_switch_latency_ms,memory_mb,cpu_percent,power_w,peak_memory_mb,peak_cpu_percent,peak_power_w,clf_load_ms,seg_load_ms,flood_ratio,warmup
1780631622.4690952,archive_flood_airfield,archive_flood_airfield.mp4,0,25.0,640,480,flood,Non-Flooded,resnet18,False,True,0,tensorrt,tensorrt,yolov8n,28.74,28.74,34.8,35.15,34.8,0.0,34.8,785.28,34.2,0.0,785.28,34.2,0.0,38.49,33.02,0.0,True
1780631622.482017,archive_flood_airfield,archive_flood_airfield.mp4,0,50.0,640,480,flood,Non-Flooded,resnet18,False,True,0,tensorrt,tensorrt,yolov8n,93.55,93.55,10.69,10.93,10.69,0.0,10.69,786.96,25.0,0.0,786.96,25.0,0.0,38.49,33.02,0.0,True
1780631622.4936204,archive_flood_airfield,archive_flood_airfield.mp4,5,25.0,640,480,flood,Non-Flooded,resnet18,False,True,0,tensorrt,tensorrt,yolov8n,180.51,180.51,5.54,5.74,5.54,0.0,5.54,791.03,33.3,0.0,791.03,33.3,0.0,38.49,33.02,0.0,True
1780631622.5004182,archive_flood_airfield,archive_flood_airfield.mp4,5,50.0,640,480,flood,Non-Flooded,resnet18,False,True,0,tensorrt,tensorrt,yolov8n,181.82,181.82,5.5,5.68,5.5,0.0,5.5,790.96,25.0,0.0,790.96,25.0,0.0,38.49,33.02,0.0,True
1780631622.510315,archive_flood_airfield,archive_flood_airfield.mp4,10,25.0,640,480,flood,Non-Flooded,resnet18,False,True,0,tensorrt,tensorrt,yolov8n,182.15,182.15,5.49,5.66,5.49,0.0,5.49,790.91,16.7,0.0,790.91,16.7,0.0,38.49,33.02,0.0,True
1780631622.5169508,archive_flood_airfield,archive_flood_airfield.mp4,10,50.0,640,480,flood,Non-Flooded,resnet18,False,True,0,tensorrt,tensorrt,yolov8n,186.22,186.22,5.37,5.56,5.37,0.0,5.37,791.1,0.0,0.0,791.1,0.0,0.0,38.49,33.02,0.0,False
1780631622.5280917,archive_flood_airfield,archive_flood_airfield.mp4,15,25.0,640,480,flood,Non-Flooded,resnet18,False,True,0,tensorrt,tensorrt,yolov8n,181.16,181.16,5.52,5.73,5.52,0.0,5.52,791.04,42.9,0.0,791.04,42.9,0.0,38.49,33.02,0.0,False
1780631622.6386867,archive_flood_airfield,archive_flood_airfield.mp4,15,50.0,640,480,flood,Non-Flooded,deeplabv3plus,True,False,0,tensorrt,tensorrt,yolov8n,9.2,9.2,108.7,109.22,5.67,103.03,108.7,893.96,45.3,0.0,893.96,45.3,0.0,38.49,33.02,0.5655,False
1780631623.1114073,archive_flood_airfield,archive_flood_airfield.mp4,0,25.0,640,480,combined,Non-Flooded,resnet18,True,True,0,tensorrt,tensorrt,tensorrt,2.17,2.17,461.2,467.09,5.49,0.0,5.49,1129.95,46.4,0.0,1129.95,46.4,0.0,0.01,0.0,0.0,True
1780631623.2033887,archive_flood_airfield,archive_flood_airfield.mp4,0,50.0,640,480,combined,Non-Flooded,resnet18,False,True,0,tensorrt,tensorrt,tensorrt,11.08,11.08,90.26,90.48,6.03,0.0,6.03,1161.06,52.6,0.0,1161.06,52.6,0.0,0.01,0.0,0.0,True
1780631623.2299352,archive_flood_airfield,archive_flood_airfield.mp4,5,25.0,640,480,combined,Non-Flooded,resnet18,False,True,0,tensorrt,tensorrt,tensorrt,58.75,58.75,17.02,17.28,7.05,0.0,7.05,1164.44,56.3,0.0,1164.44,56.3,0.0,0.01,0.0,0.0,True
1780631623.2508059,archive_flood_airfield,archive_flood_airfield.mp4,5,50.0,640,480,combined,Non-Flooded,resnet18,False,True,0,tensorrt,tensorrt,tensorrt,53.16,53.16,18.81,19.03,5.49,0.0,5.49,1164.36,66.7,0.0,1164.36,66.7,0.0,0.01,0.0,0.0,True
1780631623.282901,archive_flood_airfield,archive_flood_airfield.mp4,10,25.0,640,480,combined,Non-Flooded,resnet18,False,True,0,tensorrt,tensorrt,tensorrt,61.92,61.92,16.15,16.36,6.31,0.0,6.31,1164.35,57.9,0.0,1164.35,57.9,0.0,0.01,0.0,0.0,True
1780631623.3003957,archive_flood_airfield,archive_flood_airfield.mp4,10,50.0,640,480,combined,Non-Flooded,resnet18,False,True,0,tensorrt,tensorrt,tensorrt,62.54,62.54,15.99,16.2,5.43,0.0,5.43,1161.89,50.0,0.0,1161.89,50.0,0.0,0.01,0.0,0.0,False
1780631623.3282504,archive_flood_airfield,archive_flood_airfield.mp4,15,25.0,640,480,combined,Non-Flooded,resnet18,False,True,0,tensorrt,tensorrt,tensorrt,44.44,44.44,22.5,22.72,5.51,0.0,5.51,1162.12,63.2,0.0,1162.12,63.2,0.0,0.01,0.0,0.0,False
1780631623.3646343,archive_flood_airfield,archive_flood_airfield.mp4,15,50.0,640,480,combined,Non-Flooded,deeplabv3plus,True,False,0,tensorrt,tensorrt,tensorrt,28.86,28.86,34.65,34.94,5.41,11.15,16.560000000000002,1162.11,45.0,0.0,1162.11,45.0,0.0,0.01,0.0,0.6671,False
1780631676.2229621,archive_flood_airfield,archive_flood_airfield.mp4,0,25.0,640,480,flood,Non-Flooded,resnet18,False,True,0,tensorrt,tensorrt,yolov8n,34.03,34.03,29.39,29.72,29.39,0.0,29.39,789.89,34.5,0.0,789.89,34.5,0.0,22.6,32.39,0.0,True
1780631676.2303605,archive_flood_airfield,archive_flood_airfield.mp4,0,50.0,640,480,flood,Non-Flooded,resnet18,False,True,0,tensorrt,tensorrt,yolov8n,187.62,187.62,5.33,5.53,5.33,0.0,5.33,791.42,0.0,0.0,791.42,0.0,0.0,22.6,32.39,0.0,True
1780631676.2386734,archive_flood_airfield,archive_flood_airfield.mp4,0,75.0,640,480,flood,Non-Flooded,resnet18,False,True,0,tensorrt,tensorrt,yolov8n,186.22,186.22,5.37,5.58,5.37,0.0,5.37,792.05,40.0,0.0,792.05,40.0,0.0,22.6,32.39,0.0,True
1780631676.2455482,archive_flood_airfield,archive_flood_airfield.mp4,0,100.0,640,480,flood,Non-Flooded,resnet18,False,True,0,tensorrt,tensorrt,yolov8n,180.83,180.83,5.53,5.75,5.53,0.0,5.53,792.17,40.0,0.0,792.17,40.0,0.0,22.6,32.39,0.0,True
1780631676.2568119,archive_flood_airfield,archive_flood_airfield.mp4,5,25.0,640,480,flood,Non-Flooded,resnet18,False,True,0,tensorrt,tensorrt,yolov8n,184.5,184.5,5.42,5.61,5.42,0.0,5.42,795.46,37.5,0.0,795.46,37.5,0.0,22.6,32.39,0.0,True
1780631676.2631328,archive_flood_airfield,archive_flood_airfield.mp4,5,50.0,640,480,flood,Non-Flooded,resnet18,False,True,0,tensorrt,tensorrt,yolov8n,194.17,194.17,5.15,5.3,5.15,0.0,5.15,795.66,25.0,0.0,795.66,25.0,0.0,22.6,32.39,0.0,False
1780631676.27065,archive_flood_airfield,archive_flood_airfield.mp4,5,75.0,640,480,flood,Non-Flooded,resnet18,False,True,0,tensorrt,tensorrt,yolov8n,196.46,196.46,5.09,5.22,5.09,0.0,5.09,795.6,20.0,0.0,795.6,20.0,0.0,22.6,32.39,0.0,False
1780631676.3479095,archive_flood_airfield,archive_flood_airfield.mp4,5,100.0,640,480,flood,Non-Flooded,deeplabv3plus,True,False,0,tensorrt,tensorrt,yolov8n,13.18,13.18,75.9,76.31,5.09,70.81,75.9,898.75,37.8,0.0,898.75,37.8,0.0,22.6,32.39,0.4531,False
1780631676.3733382,archive_flood_airfield,archive_flood_airfield.mp4,10,25.0,640,480,flood,Non-Flooded,deeplabv3plus,False,False,0,tensorrt,tensorrt,yolov8n,50.94,50.94,19.63,19.92,8.92,10.71,19.630000000000003,901.81,33.3,0.0,901.81,33.3,0.0,22.6,32.39,0.7592,False
1780631676.3911085,archive_flood_airfield,archive_flood_airfield.mp4,10,50.0,640,480,flood,Non-Flooded,deeplabv3plus,False,False,0,tensorrt,tensorrt,yolov8n,61.35,61.35,16.3,16.66,5.32,10.99,16.310000000000002,901.81,50.0,0.0,901.81,50.0,0.0,22.6,32.39,0.5862,False
1780631676.417198,archive_flood_airfield,archive_flood_airfield.mp4,10,75.0,640,480,flood,Non-Flooded,deeplabv3plus,False,False,0,tensorrt,tensorrt,yolov8n,42.81,42.81,23.36,23.61,8.47,14.89,23.36,901.81,47.1,0.0,901.81,47.1,0.0,22.6,32.39,0.5428,False
1780631676.4486394,archive_flood_airfield,archive_flood_airfield.mp4,10,100.0,640,480,flood,Non-Flooded,deeplabv3plus,False,False,0,tensorrt,tensorrt,yolov8n,33.4,33.4,29.94,30.26,11.78,18.17,29.950000000000003,901.81,26.3,0.0,901.81,26.3,0.0,22.6,32.39,0.4516,False
1780631676.4697936,archive_flood_airfield,archive_flood_airfield.mp4,15,25.0,640,480,flood,Non-Flooded,deeplabv3plus,False,False,0,tensorrt,tensorrt,yolov8n,69.01,69.01,14.49,14.78,5.29,9.2,14.489999999999998,903.61,27.3,0.0,903.61,27.3,0.0,22.6,32.39,0.687,False
1780631676.4850752,archive_flood_airfield,archive_flood_airfield.mp4,15,50.0,640,480,flood,Non-Flooded,deeplabv3plus,False,False,0,tensorrt,tensorrt,yolov8n,72.99,72.99,13.7,13.98,4.81,8.9,13.71,903.61,20.0,0.0,903.61,20.0,0.0,22.6,32.39,0.5655,False
1780631676.5048594,archive_flood_airfield,archive_flood_airfield.mp4,15,75.0,640,480,flood,Non-Flooded,deeplabv3plus,False,False,0,tensorrt,tensorrt,yolov8n,62.31,62.31,16.05,16.32,4.63,11.42,16.05,903.61,57.1,0.0,903.61,57.1,0.0,22.6,32.39,0.4874,False
1780631676.524077,archive_flood_airfield,archive_flood_airfield.mp4,15,100.0,640,480,flood,Non-Flooded,deeplabv3plus,False,False,0,tensorrt,tensorrt,yolov8n,56.82,56.82,17.6,17.87,5.47,12.13,17.6,903.61,30.0,0.0,903.61,30.0,0.0,22.6,32.39,0.5453,False
1780631676.546722,archive_flood_airfield,archive_flood_airfield.mp4,20,25.0,640,480,flood,Non-Flooded,deeplabv3plus,False,False,0,tensorrt,tensorrt,yolov8n,58.14,58.14,17.2,17.52,5.79,11.42,17.21,903.61,35.7,0.0,903.61,35.7,0.0,22.6,32.39,0.6712,False
1780631676.5657878,archive_flood_airfield,archive_flood_airfield.mp4,20,50.0,640,480,flood,Non-Flooded,deeplabv3plus,False,False,0,tensorrt,tensorrt,yolov8n,57.31,57.31,17.45,17.75,6.01,11.44,17.45,903.61,38.5,0.0,903.61,38.5,0.0,22.6,32.39,0.5456,False
1780631676.5873163,archive_flood_airfield,archive_flood_airfield.mp4,20,75.0,640,480,flood,Non-Flooded,deeplabv3plus,False,False,0,tensorrt,tensorrt,yolov8n,55.9,55.9,17.89,18.2,5.8,12.09,17.89,903.61,18.2,0.0,903.61,18.2,0.0,22.6,32.39,0.5434,False
1780631676.6183953,archive_flood_airfield,archive_flood_airfield.mp4,20,100.0,640,480,flood,Non-Flooded,deeplabv3plus,False,False,0,tensorrt,tensorrt,yolov8n,34.13,34.13,29.3,29.7,6.85,22.45,29.299999999999997,903.61,47.4,0.0,903.61,47.4,0.0,22.6,32.39,0.5455,False
1780631676.6487155,archive_flood_airfield,archive_flood_airfield.mp4,25,25.0,640,480,flood,Non-Flooded,deeplabv3plus,False,False,0,tensorrt,tensorrt,yolov8n,44.48,44.48,22.48,22.84,10.96,11.52,22.48,903.86,42.1,0.0,903.86,42.1,0.0,22.6,32.39,0.7003,False
1780631676.6700826,archive_flood_airfield,archive_flood_airfield.mp4,25,50.0,640,480,flood,Non-Flooded,deeplabv3plus,False,False,0,tensorrt,tensorrt,yolov8n,51.2,51.2,19.53,19.91,6.55,12.98,19.53,903.86,18.2,0.0,903.86,18.2,0.0,22.6,32.39,0.6201,False
1780631676.6942096,archive_flood_airfield,archive_flood_airfield.mp4,25,75.0,640,480,flood,Non-Flooded,deeplabv3plus,False,False,0,tensorrt,tensorrt,yolov8n,50.56,50.56,19.78,20.12,6.67,13.11,19.78,903.86,23.1,0.0,903.86,23.1,0.0,22.6,32.39,0.5372,False
1780631676.7245374,archive_flood_airfield,archive_flood_airfield.mp4,25,100.0,640,480,flood,Non-Flooded,deeplabv3plus,False,False,0,tensorrt,tensorrt,yolov8n,35.12,35.12,28.47,28.9,9.19,19.28,28.47,903.86,38.9,0.0,903.86,38.9,0.0,22.6,32.39,0.5209,False
1780631676.7505128,archive_flood_airfield,archive_flood_airfield.mp4,30,25.0,640,480,flood,Non-Flooded,deeplabv3plus,False,False,0,tensorrt,tensorrt,yolov8n,50.63,50.63,19.75,20.15,6.32,13.43,19.75,903.86,31.3,0.0,903.86,31.3,0.0,22.6,32.39,0.6503,False
1780631676.7751842,archive_flood_airfield,archive_flood_airfield.mp4,30,50.0,640,480,flood,Non-Flooded,deeplabv3plus,False,False,0,tensorrt,tensorrt,yolov8n,43.84,43.84,22.81,23.18,9.27,13.53,22.799999999999997,903.86,26.7,0.0,903.86,26.7,0.0,22.6,32.39,0.6515,False
1780631676.8030674,archive_flood_airfield,archive_flood_airfield.mp4,30,75.0,640,480,flood,Non-Flooded,deeplabv3plus,False,False,0,tensorrt,tensorrt,yolov8n,43.38,43.38,23.05,23.45,7.79,15.26,23.05,903.86,47.1,0.0,903.86,47.1,0.0,22.6,32.39,0.5384,False
1780631676.8384788,archive_flood_airfield,archive_flood_airfield.mp4,30,100.0,640,480,flood,Non-Flooded,deeplabv3plus,False,False,0,tensorrt,tensorrt,yolov8n,29.83,29.83,33.52,33.94,8.87,24.65,33.519999999999996,903.86,40.9,0.0,903.86,40.9,0.0,22.6,32.39,0.5046,False
1780631676.8644457,archive_flood_airfield,archive_flood_airfield.mp4,35,25.0,640,480,flood,Non-Flooded,deeplabv3plus,False,False,0,tensorrt,tensorrt,yolov8n,52.88,52.88,18.91,19.3,7.7,11.22,18.92,903.86,44.4,0.0,903.86,44.4,0.0,22.6,32.39,0.662,False
1780631676.883466,archive_flood_airfield,archive_flood_airfield.mp4,35,50.0,640,480,flood,Non-Flooded,deeplabv3plus,False,False,0,tensorrt,tensorrt,yolov8n,58.62,58.62,17.06,17.43,6.2,10.87,17.07,903.86,22.2,0.0,903.86,22.2,0.0,22.6,32.39,0.6197,False
1780631676.905906,archive_flood_airfield,archive_flood_airfield.mp4,35,75.0,640,480,flood,Non-Flooded,deeplabv3plus,False,False,0,tensorrt,tensorrt,yolov8n,57.31,57.31,17.45,17.78,5.48,11.96,17.44,903.86,46.2,0.0,903.86,46.2,0.0,22.6,32.39,0.5459,False
1780631676.9235935,archive_flood_airfield,archive_flood_airfield.mp4,35,100.0,640,480,flood,Non-Flooded,deeplabv3plus,False,False,0,tensorrt,tensorrt,yolov8n,62.74,62.74,15.94,16.27,5.77,10.17,15.94,903.86,44.4,0.0,903.86,44.4,0.0,22.6,32.39,0.5124,False
1780631676.9479325,archive_flood_airfield,archive_flood_airfield.mp4,40,25.0,640,480,flood,Non-Flooded,deeplabv3plus,False,False,0,tensorrt,tensorrt,yolov8n,56.02,56.02,17.85,18.23,6.2,11.65,17.85,903.86,40.0,0.0,903.86,40.0,0.0,22.6,32.39,0.6335,False
1780631676.9674366,archive_flood_airfield,archive_flood_airfield.mp4,40,50.0,640,480,flood,Non-Flooded,deeplabv3plus,False,False,0,tensorrt,tensorrt,yolov8n,56.59,56.59,17.67,18.03,6.13,11.54,17.669999999999998,903.86,45.5,0.0,903.86,45.5,0.0,22.6,32.39,0.6657,False
1780631676.9883063,archive_flood_airfield,archive_flood_airfield.mp4,40,75.0,640,480,flood,Non-Flooded,deeplabv3plus,False,False,0,tensorrt,tensorrt,yolov8n,60.06,60.06,16.65,16.94,5.75,10.9,16.65,903.86,33.3,0.0,903.86,33.3,0.0,22.6,32.39,0.5498,False
1780631677.0116293,archive_flood_airfield,archive_flood_airfield.mp4,40,100.0,640,480,flood,Non-Flooded,deeplabv3plus,False,False,0,tensorrt,tensorrt,yolov8n,46.27,46.27,21.61,21.93,5.68,15.94,21.619999999999997,903.86,28.6,0.0,903.86,28.6,0.0,22.6,32.39,0.5501,False
1780631677.3435736,archive_flood_airfield,archive_flood_airfield.mp4,0,25.0,640,480,combined,Non-Flooded,resnet18,True,True,0,tensorrt,tensorrt,tensorrt,3.14,3.14,318.73,325.95,8.35,0.0,8.35,1148.49,49.7,0.0,1148.49,49.7,0.0,0.01,0.0,0.0,True
1780631677.3615632,archive_flood_airfield,archive_flood_airfield.mp4,0,50.0,640,480,combined,Non-Flooded,resnet18,False,True,0,tensorrt,tensorrt,tensorrt,61.73,61.73,16.2,16.42,7.55,0.0,7.55,1151.18,61.5,0.0,1151.18,61.5,0.0,0.01,0.0,0.0,True
1780631677.3771317,archive_flood_airfield,archive_flood_airfield.mp4,0,75.0,640,480,combined,Non-Flooded,resnet18,False,True,0,tensorrt,tensorrt,tensorrt,79.18,79.18,12.63,12.91,4.13,0.0,4.13,1151.36,66.7,0.0,1151.36,66.7,0.0,0.01,0.0,0.0,True
1780631677.3898404,archive_flood_airfield,archive_flood_airfield.mp4,0,100.0,640,480,combined,Non-Flooded,resnet18,False,True,0,tensorrt,tensorrt,tensorrt,88.57,88.57,11.29,11.53,4.08,0.0,4.08,1151.34,62.5,0.0,1151.34,62.5,0.0,0.01,0.0,0.0,True
1780631677.4185147,archive_flood_airfield,archive_flood_airfield.mp4,5,25.0,640,480,combined,Non-Flooded,resnet18,False,True,0,tensorrt,tensorrt,tensorrt,45.96,45.96,21.76,22.05,4.94,0.0,4.94,1153.89,82.4,0.0,1153.89,82.4,0.0,0.01,0.0,0.0,True
1780631677.439726,archive_flood_airfield,archive_flood_airfield.mp4,5,50.0,640,480,combined,Non-Flooded,resnet18,False,True,0,tensorrt,tensorrt,tensorrt,50.51,50.51,19.8,20.01,6.36,0.0,6.36,1153.88,54.5,0.0,1153.88,54.5,0.0,0.01,0.0,0.0,False
1780631677.4566185,archive_flood_airfield,archive_flood_airfield.mp4,5,75.0,640,480,combined,Non-Flooded,resnet18,False,True,0,tensorrt,tensorrt,tensorrt,70.92,70.92,14.1,14.31,4.72,0.0,4.72,1153.86,63.6,0.0,1153.86,63.6,0.0,0.01,0.0,0.0,False
1780631677.4870608,archive_flood_airfield,archive_flood_airfield.mp4,5,100.0,640,480,combined,Non-Flooded,deeplabv3plus,True,False,0,tensorrt,tensorrt,tensorrt,34.48,34.48,29.0,29.35,5.02,11.27,16.29,1152.24,47.1,0.0,1152.24,47.1,0.0,0.01,0.0,0.5339,False
1780631677.5289876,archive_flood_airfield,archive_flood_airfield.mp4,10,25.0,640,480,combined,Non-Flooded,deeplabv3plus,False,False,0,tensorrt,tensorrt,tensorrt,26.95,26.95,37.1,37.4,4.98,13.17,18.15,1152.22,73.1,0.0,1152.22,73.1,0.0,0.01,0.0,0.6565,False
1780631677.55607,archive_flood_airfield,archive_flood_airfield.mp4,10,50.0,640,480,combined,Non-Flooded,deeplabv3plus,False,False,0,tensorrt,tensorrt,tensorrt,39.22,39.22,25.5,25.76,4.63,12.04,16.669999999999998,1152.21,41.2,0.0,1152.21,41.2,0.0,0.01,0.0,0.6057,False
1780631677.581491,archive_flood_airfield,archive_flood_airfield.mp4,10,75.0,640,480,combined,Non-Flooded,deeplabv3plus,False,False,0,tensorrt,tensorrt,tensorrt,44.07,44.07,22.69,22.94,4.53,8.81,13.34,1152.45,40.0,0.0,1152.45,40.0,0.0,0.01,0.0,0.4711,False
1780631677.6108909,archive_flood_airfield,archive_flood_airfield.mp4,10,100.0,640,480,combined,Non-Flooded,deeplabv3plus,False,False,0,tensorrt,tensorrt,tensorrt,35.82,35.82,27.92,28.18,4.98,9.58,14.56,1152.44,50.0,0.0,1152.44,50.0,0.0,0.01,0.0,0.5019,False
1780631677.640857,archive_flood_airfield,archive_flood_airfield.mp4,15,25.0,640,480,combined,Non-Flooded,deeplabv3plus,False,False,0,tensorrt,tensorrt,tensorrt,40.67,40.67,24.59,24.85,5.59,10.21,15.8,1152.43,35.0,0.0,1152.43,35.0,0.0,0.01,0.0,0.7044,False
1780631677.667544,archive_flood_airfield,archive_flood_airfield.mp4,15,50.0,640,480,combined,Non-Flooded,deeplabv3plus,False,False,0,tensorrt,tensorrt,tensorrt,39.51,39.51,25.31,25.55,4.59,11.67,16.259999999999998,1152.41,37.5,0.0,1152.41,37.5,0.0,0.01,0.0,0.5666,False
1780631677.6950686,archive_flood_airfield,archive_flood_airfield.mp4,15,75.0,640,480,combined,Non-Flooded,deeplabv3plus,False,False,0,tensorrt,tensorrt,tensorrt,40.55,40.55,24.66,24.92,4.78,9.49,14.27,1152.4,33.3,0.0,1152.4,33.3,0.0,0.01,0.0,0.5047,False
1780631677.7357268,archive_flood_airfield,archive_flood_airfield.mp4,15,100.0,640,480,combined,Non-Flooded,deeplabv3plus,False,False,0,tensorrt,tensorrt,tensorrt,25.5,25.5,39.22,39.49,4.83,14.58,19.41,1152.39,29.2,0.0,1152.39,29.2,0.0,0.01,0.0,0.4942,False
1780631677.7671971,archive_flood_airfield,archive_flood_airfield.mp4,20,25.0,640,480,combined,Non-Flooded,deeplabv3plus,False,False,0,tensorrt,tensorrt,tensorrt,38.21,38.21,26.17,26.49,5.76,10.58,16.34,1152.37,45.0,0.0,1152.37,45.0,0.0,0.01,0.0,0.7079,False
1780631677.8008711,archive_flood_airfield,archive_flood_airfield.mp4,20,50.0,640,480,combined,Non-Flooded,deeplabv3plus,False,False,0,tensorrt,tensorrt,tensorrt,31.31,31.31,31.94,32.24,5.47,10.41,15.879999999999999,1152.36,21.1,0.0,1152.36,21.1,0.0,0.01,0.0,0.5684,False
1780631677.838426,archive_flood_airfield,archive_flood_airfield.mp4,20,75.0,640,480,combined,Non-Flooded,deeplabv3plus,False,False,0,tensorrt,tensorrt,tensorrt,29.79,29.79,33.57,33.88,6.0,17.03,23.03,1152.34,35.0,0.0,1152.34,35.0,0.0,0.01,0.0,0.4945,False
1780631677.8707387,archive_flood_airfield,archive_flood_airfield.mp4,20,100.0,640,480,combined,Non-Flooded,deeplabv3plus,False,False,0,tensorrt,tensorrt,tensorrt,32.65,32.65,30.63,30.94,5.69,13.95,19.64,1152.33,22.2,0.0,1152.33,22.2,0.0,0.01,0.0,0.5151,False
1780631677.9057558,archive_flood_airfield,archive_flood_airfield.mp4,25,25.0,640,480,combined,Non-Flooded,deeplabv3plus,False,False,0,tensorrt,tensorrt,tensorrt,35.56,35.56,28.12,28.47,6.22,11.33,17.55,1152.32,63.6,0.0,1152.32,63.6,0.0,0.01,0.0,0.7079,False
1780631677.942269,archive_flood_airfield,archive_flood_airfield.mp4,25,50.0,640,480,combined,Non-Flooded,deeplabv3plus,False,False,0,tensorrt,tensorrt,tensorrt,28.84,28.84,34.68,34.99,6.12,18.05,24.17,1152.3,40.9,0.0,1152.3,40.9,0.0,0.01,0.0,0.5684,False
1780631677.9734726,archive_flood_airfield,archive_flood_airfield.mp4,25,75.0,640,480,combined,Non-Flooded,deeplabv3plus,False,False,0,tensorrt,tensorrt,tensorrt,37.02,37.02,27.01,27.32,5.68,10.98,16.66,1152.29,17.6,0.0,1152.29,17.6,0.0,0.01,0.0,0.4945,False
1780631678.0056312,archive_flood_airfield,archive_flood_airfield.mp4,25,100.0,640,480,combined,Non-Flooded,deeplabv3plus,False,False,0,tensorrt,tensorrt,tensorrt,32.8,32.8,30.49,30.8,5.71,13.43,19.14,1152.28,45.0,0.0,1152.28,45.0,0.0,0.01,0.0,0.5151,False
1780631678.0792847,archive_flood_airfield,archive_flood_airfield.mp4,30,25.0,640,480,combined,Flooded,deeplabv3plus,False,False,0,tensorrt,tensorrt,tensorrt,14.79,14.79,67.6,67.93,13.45,9.58,23.03,1181.31,70.7,0.0,1181.31,70.7,0.0,0.01,0.0,0.5195,False
1780631678.114583,archive_flood_airfield,archive_flood_airfield.mp4,30,50.0,640,480,combined,Non-Flooded,resnet18,True,False,0,tensorrt,tensorrt,tensorrt,31.0,31.0,32.26,32.7,5.59,9.91,15.5,1183.37,65.0,0.0,1183.37,65.0,0.0,0.01,0.0,0.1962,False
1780631678.1479795,archive_flood_airfield,archive_flood_airfield.mp4,30,75.0,640,480,combined,Non-Flooded,deeplabv3plus,True,False,0,tensorrt,tensorrt,tensorrt,37.48,37.48,26.68,27.14,6.81,10.21,17.02,1183.36,63.6,0.0,1183.36,63.6,0.0,0.01,0.0,0.3529,False
1780631678.1720643,archive_flood_airfield,archive_flood_airfield.mp4,30,100.0,640,480,combined,Non-Flooded,deeplabv3plus,False,False,0,tensorrt,tensorrt,tensorrt,44.33,44.33,22.56,22.81,4.57,8.99,13.56,1183.6,30.8,0.0,1183.6,30.8,0.0,0.01,0.0,0.467,False
1780631678.2005353,archive_flood_airfield,archive_flood_airfield.mp4,35,25.0,640,480,combined,Flooded,deeplabv3plus,False,False,0,tensorrt,tensorrt,tensorrt,42.19,42.19,23.7,23.96,4.77,9.14,13.91,1184.79,43.8,0.0,1184.79,43.8,0.0,0.01,0.0,0.6291,False
1780631678.2376757,archive_flood_airfield,archive_flood_airfield.mp4,35,50.0,640,480,combined,Non-Flooded,deeplabv3plus,False,False,0,tensorrt,tensorrt,tensorrt,28.03,28.03,35.67,35.95,4.85,14.97,19.82,1184.78,38.1,0.0,1184.78,38.1,0.0,0.01,0.0,0.3014,False
1780631678.2666202,archive_flood_airfield,archive_flood_airfield.mp4,35,75.0,640,480,combined,Non-Flooded,deeplabv3plus,False,False,0,tensorrt,tensorrt,tensorrt,38.57,38.57,25.93,26.19,4.62,12.08,16.7,1184.77,41.2,0.0,1184.77,41.2,0.0,0.01,0.0,0.3764,False
1780631678.2916555,archive_flood_airfield,archive_flood_airfield.mp4,35,100.0,640,480,combined,Non-Flooded,deeplabv3plus,False,False,0,tensorrt,tensorrt,tensorrt,42.44,42.44,23.56,23.83,4.96,9.53,14.489999999999998,1184.75,30.8,0.0,1184.75,30.8,0.0,0.01,0.0,0.5285,False
1780631678.3455586,archive_flood_airfield,archive_flood_airfield.mp4,40,25.0,640,480,combined,Flooded,deeplabv3plus,False,False,0,tensorrt,tensorrt,tensorrt,20.67,20.67,48.37,48.69,5.01,13.74,18.75,1184.66,41.2,0.0,1184.66,41.2,0.0,0.01,0.0,0.6072,False
1780631678.3737085,archive_flood_airfield,archive_flood_airfield.mp4,40,50.0,640,480,combined,Non-Flooded,deeplabv3plus,False,False,0,tensorrt,tensorrt,tensorrt,37.79,37.79,26.46,26.79,5.33,10.09,15.42,1184.63,18.7,0.0,1184.63,18.7,0.0,0.01,0.0,0.3232,False
1780631678.4028456,archive_flood_airfield,archive_flood_airfield.mp4,40,75.0,640,480,combined,Non-Flooded,deeplabv3plus,False,False,0,tensorrt,tensorrt,tensorrt,39.23,39.23,25.49,25.75,5.22,10.56,15.780000000000001,1184.62,29.4,0.0,1184.62,29.4,0.0,0.01,0.0,0.3468,False
1780631678.4411721,archive_flood_airfield,archive_flood_airfield.mp4,40,100.0,640,480,combined,Non-Flooded,deeplabv3plus,False,False,0,tensorrt,tensorrt,tensorrt,27.15,27.15,36.83,37.14,5.25,15.59,20.84,1184.61,42.3,0.0,1184.61,42.3,0.0,0.01,0.0,0.5029,False
1780632057.3322377,archive_flood_airfield,archive_flood_airfield.mp4,0,50.0,640,480,flood,Non-Flooded,resnet18,False,True,0,tensorrt,tensorrt,yolov8n,34.04,34.04,29.38,29.68,29.38,0.0,29.38,763.02,44.7,0.0,763.02,44.7,0.0,356.64,80.52,0.0,True
1780632057.3651185,archive_flood_airfield,archive_flood_airfield.mp4,5,50.0,640,480,flood,Non-Flooded,resnet18,False,True,0,tensorrt,tensorrt,yolov8n,182.15,182.15,5.49,5.7,5.49,0.0,5.49,770.68,40.9,0.0,770.68,40.9,0.0,356.64,80.52,0.0,True
1780632057.380641,archive_flood_airfield,archive_flood_airfield.mp4,10,50.0,640,480,flood,Non-Flooded,resnet18,False,True,0,tensorrt,tensorrt,yolov8n,183.15,183.15,5.46,5.65,5.46,0.0,5.46,773.2,33.3,0.0,773.2,33.3,0.0,356.64,80.52,0.0,True
1780632057.394522,archive_flood_airfield,archive_flood_airfield.mp4,15,50.0,640,480,flood,Non-Flooded,resnet18,False,True,0,tensorrt,tensorrt,yolov8n,184.5,184.5,5.42,5.6,5.42,0.0,5.42,773.45,50.0,0.0,773.45,50.0,0.0,356.64,80.52,0.0,True
1780632057.4085257,archive_flood_airfield,archive_flood_airfield.mp4,20,50.0,640,480,flood,Non-Flooded,resnet18,False,True,0,tensorrt,tensorrt,yolov8n,183.82,183.82,5.44,5.63,5.44,0.0,5.44,774.67,37.5,0.0,774.67,37.5,0.0,356.64,80.52,0.0,True
1780632057.4255016,archive_flood_airfield,archive_flood_airfield.mp4,25,50.0,640,480,flood,Non-Flooded,resnet18,False,True,0,tensorrt,tensorrt,yolov8n,115.87,115.87,8.63,8.83,8.63,0.0,8.63,774.58,40.0,0.0,774.58,40.0,0.0,356.64,80.52,0.0,False
1780632057.4446561,archive_flood_airfield,archive_flood_airfield.mp4,30,50.0,640,480,flood,Non-Flooded,resnet18,False,True,0,tensorrt,tensorrt,yolov8n,104.28,104.28,9.59,9.78,9.59,0.0,9.59,774.52,58.3,0.0,774.52,58.3,0.0,356.64,80.52,0.0,False
1780632057.5417795,archive_flood_airfield,archive_flood_airfield.mp4,35,50.0,640,480,flood,Non-Flooded,deeplabv3plus,True,False,0,tensorrt,tensorrt,yolov8n,11.48,11.48,87.1,87.51,7.57,79.53,87.1,878.44,41.0,0.0,878.44,41.0,0.0,356.64,80.52,0.6197,False
1780632244.3483727,archive_flood_airfield,archive_flood_airfield.mp4,0,25.0,640,480,flood,Non-Flooded,resnet18,False,True,0,tensorrt,tensorrt,yolov8n,43.74,43.74,22.86,23.17,22.86,0.0,22.86,772.53,37.6,0.0,772.53,37.6,0.0,32.93,32.96,0.0,True
1780632244.3561187,archive_flood_airfield,archive_flood_airfield.mp4,0,50.0,640,480,flood,Non-Flooded,resnet18,False,True,0,tensorrt,tensorrt,yolov8n,178.25,178.25,5.61,5.86,5.61,0.0,5.61,774.05,40.0,0.0,774.05,40.0,0.0,32.93,32.96,0.0,True
1780632244.3645642,archive_flood_airfield,archive_flood_airfield.mp4,0,75.0,640,480,flood,Non-Flooded,resnet18,False,True,0,tensorrt,tensorrt,yolov8n,180.51,180.51,5.54,5.74,5.54,0.0,5.54,774.62,20.0,0.0,774.62,20.0,0.0,32.93,32.96,0.0,True
1780632244.3762803,archive_flood_airfield,archive_flood_airfield.mp4,0,100.0,640,480,flood,Non-Flooded,resnet18,False,True,0,tensorrt,tensorrt,yolov8n,98.62,98.62,10.14,10.44,10.14,0.0,10.14,774.81,33.3,0.0,774.81,33.3,0.0,32.93,32.96,0.0,True
1780632244.3920758,archive_flood_airfield,archive_flood_airfield.mp4,5,25.0,640,480,flood,Non-Flooded,resnet18,False,True,0,tensorrt,tensorrt,yolov8n,123.3,123.3,8.11,8.39,8.11,0.0,8.11,778.11,33.3,0.0,778.11,33.3,0.0,32.93,32.96,0.0,True
1780632244.4017994,archive_flood_airfield,archive_flood_airfield.mp4,5,50.0,640,480,flood,Non-Flooded,resnet18,False,True,0,tensorrt,tensorrt,yolov8n,119.47,119.47,8.37,8.57,8.37,0.0,8.37,778.04,20.0,0.0,778.04,20.0,0.0,32.93,32.96,0.0,False
1780632244.4121385,archive_flood_airfield,archive_flood_airfield.mp4,5,75.0,640,480,flood,Non-Flooded,resnet18,False,True,0,tensorrt,tensorrt,yolov8n,135.32,135.32,7.39,7.67,7.39,0.0,7.39,778.24,50.0,0.0,778.24,50.0,0.0,32.93,32.96,0.0,False
1780632244.4970157,archive_flood_airfield,archive_flood_airfield.mp4,5,100.0,640,480,flood,Non-Flooded,deeplabv3plus,True,False,0,tensorrt,tensorrt,yolov8n,12.06,12.06,82.94,83.36,5.86,77.08,82.94,881.22,42.9,0.0,881.22,42.9,0.0,32.93,32.96,0.4531,False
1780632244.521818,archive_flood_airfield,archive_flood_airfield.mp4,10,25.0,640,480,flood,Non-Flooded,deeplabv3plus,False,False,0,tensorrt,tensorrt,yolov8n,52.94,52.94,18.89,19.24,6.01,12.88,18.89,883.94,33.3,0.0,883.94,33.3,0.0,32.93,32.96,0.7592,False
1780632244.542625,archive_flood_airfield,archive_flood_airfield.mp4,10,50.0,640,480,flood,Non-Flooded,deeplabv3plus,False,False,0,tensorrt,tensorrt,yolov8n,51.87,51.87,19.28,19.6,8.71,10.57,19.28,883.94,25.0,0.0,883.94,25.0,0.0,32.93,32.96,0.5862,False
1780632244.561052,archive_flood_airfield,archive_flood_airfield.mp4,10,75.0,640,480,flood,Non-Flooded,deeplabv3plus,False,False,0,tensorrt,tensorrt,yolov8n,63.9,63.9,15.65,15.93,5.2,10.46,15.66,883.94,18.2,0.0,883.94,18.2,0.0,32.93,32.96,0.5428,False
1780632244.5839045,archive_flood_airfield,archive_flood_airfield.mp4,10,100.0,640,480,flood,Non-Flooded,deeplabv3plus,False,False,0,tensorrt,tensorrt,yolov8n,46.79,46.79,21.37,21.69,5.35,16.02,21.369999999999997,883.94,23.1,0.0,883.94,23.1,0.0,32.93,32.96,0.4516,False
1780632244.6159976,archive_flood_airfield,archive_flood_airfield.mp4,15,25.0,640,480,flood,Non-Flooded,deeplabv3plus,False,False,0,tensorrt,tensorrt,yolov8n,37.72,37.72,26.51,26.88,8.11,18.41,26.52,884.2,29.4,0.0,884.2,29.4,0.0,32.93,32.96,0.687,False
1780632244.6360185,archive_flood_airfield,archive_flood_airfield.mp4,15,50.0,640,480,flood,Non-Flooded,deeplabv3plus,False,False,0,tensorrt,tensorrt,yolov8n,54.7,54.7,18.28,18.65,6.3,11.98,18.28,884.2,38.5,0.0,884.2,38.5,0.0,32.93,32.96,0.5655,False
1780632244.6574793,archive_flood_airfield,archive_flood_airfield.mp4,15,75.0,640,480,flood,Non-Flooded,deeplabv3plus,False,False,0,tensorrt,tensorrt,yolov8n,56.69,56.69,17.64,17.96,6.09,11.56,17.65,884.2,9.1,0.0,884.2,9.1,0.0,32.93,32.96,0.4874,False
1780632244.6782858,archive_flood_airfield,archive_flood_airfield.mp4,15,100.0,640,480,flood,Non-Flooded,deeplabv3plus,False,False,0,tensorrt,tensorrt,yolov8n,52.38,52.38,19.09,19.49,6.44,12.65,19.09,884.2,36.4,0.0,884.2,36.4,0.0,32.93,32.96,0.5453,False
1780632244.7058578,archive_flood_airfield,archive_flood_airfield.mp4,20,25.0,640,480,flood,Non-Flooded,deeplabv3plus,False,False,0,tensorrt,tensorrt,yolov8n,50.48,50.48,19.81,20.18,9.5,10.31,19.810000000000002,885.23,41.2,0.0,885.23,41.2,0.0,32.93,32.96,0.6712,False
1780632244.7217262,archive_flood_airfield,archive_flood_airfield.mp4,20,50.0,640,480,flood,Non-Flooded,deeplabv3plus,False,False,0,tensorrt,tensorrt,yolov8n,70.03,70.03,14.28,14.64,4.59,9.69,14.28,885.23,33.3,0.0,885.23,33.3,0.0,32.93,32.96,0.5456,False
1780632244.7371361,archive_flood_airfield,archive_flood_airfield.mp4,20,75.0,640,480,flood,Non-Flooded,deeplabv3plus,False,False,0,tensorrt,tensorrt,yolov8n,79.55,79.55,12.57,12.89,4.32,8.24,12.56,885.22,33.3,0.0,885.22,33.3,0.0,32.93,32.96,0.5434,False
1780632244.7514808,archive_flood_airfield,archive_flood_airfield.mp4,20,100.0,640,480,flood,Non-Flooded,deeplabv3plus,False,False,0,tensorrt,tensorrt,yolov8n,78.06,78.06,12.81,13.13,4.36,8.45,12.809999999999999,885.22,25.0,0.0,885.22,25.0,0.0,32.93,32.96,0.5455,False
1780632244.7719007,archive_flood_airfield,archive_flood_airfield.mp4,25,25.0,640,480,flood,Non-Flooded,deeplabv3plus,False,False,0,tensorrt,tensorrt,yolov8n,64.1,64.1,15.6,15.92,4.4,11.2,15.6,885.22,38.5,0.0,885.22,38.5,0.0,32.93,32.96,0.7003,False
1780632244.7984946,archive_flood_airfield,archive_flood_airfield.mp4,25,50.0,640,480,flood,Non-Flooded,deeplabv3plus,False,False,0,tensorrt,tensorrt,yolov8n,40.16,40.16,24.9,25.28,8.45,16.45,24.9,885.22,33.3,0.0,885.22,33.3,0.0,32.93,32.96,0.6201,False
1780632244.8316784,archive_flood_airfield,archive_flood_airfield.mp4,25,75.0,640,480,flood,Non-Flooded,deeplabv3plus,False,False,0,tensorrt,tensorrt,yolov8n,33.72,33.72,29.66,30.03,12.08,17.58,29.659999999999997,885.22,25.0,0.0,885.22,25.0,0.0,32.93,32.96,0.5372,False
1780632244.8469317,archive_flood_airfield,archive_flood_airfield.mp4,25,100.0,640,480,flood,Non-Flooded,deeplabv3plus,False,False,0,tensorrt,tensorrt,yolov8n,73.48,73.48,13.61,13.91,4.66,8.95,13.61,885.22,28.6,0.0,885.22,28.6,0.0,32.93,32.96,0.5209,False
1780632244.8693776,archive_flood_airfield,archive_flood_airfield.mp4,30,25.0,640,480,flood,Non-Flooded,deeplabv3plus,False,False,0,tensorrt,tensorrt,yolov8n,59.67,59.67,16.76,17.08,5.24,11.52,16.759999999999998,885.22,43.7,0.0,885.22,43.7,0.0,32.93,32.96,0.6503,False
1780632244.8866544,archive_flood_airfield,archive_flood_airfield.mp4,30,50.0,640,480,flood,Non-Flooded,deeplabv3plus,False,False,0,tensorrt,tensorrt,yolov8n,63.9,63.9,15.65,15.95,5.04,10.62,15.66,885.22,44.4,0.0,885.22,44.4,0.0,32.93,32.96,0.6515,False
1780632244.9075184,archive_flood_airfield,archive_flood_airfield.mp4,30,75.0,640,480,flood,Non-Flooded,deeplabv3plus,False,False,0,tensorrt,tensorrt,yolov8n,58.82,58.82,17.0,17.3,6.74,10.27,17.009999999999998,885.22,42.9,0.0,885.22,42.9,0.0,32.93,32.96,0.5384,False
1780632244.9249008,archive_flood_airfield,archive_flood_airfield.mp4,30,100.0,640,480,flood,Non-Flooded,deeplabv3plus,False,False,0,tensorrt,tensorrt,yolov8n,63.21,63.21,15.82,16.12,5.38,10.44,15.82,885.22,27.3,0.0,885.22,27.3,0.0,32.93,32.96,0.5046,False
1780632244.9479263,archive_flood_airfield,archive_flood_airfield.mp4,35,25.0,640,480,flood,Non-Flooded,deeplabv3plus,False,False,0,tensorrt,tensorrt,yolov8n,61.61,61.61,16.23,16.57,5.75,10.48,16.23,885.22,36.4,0.0,885.22,36.4,0.0,32.93,32.96,0.662,False
1780632244.96532,archive_flood_airfield,archive_flood_airfield.mp4,35,50.0,640,480,flood,Non-Flooded,deeplabv3plus,False,False,0,tensorrt,tensorrt,yolov8n,63.82,63.82,15.67,15.99,5.44,10.23,15.670000000000002,885.22,20.0,0.0,885.22,20.0,0.0,32.93,32.96,0.6197,False
1780632244.9896011,archive_flood_airfield,archive_flood_airfield.mp4,35,75.0,640,480,flood,Non-Flooded,deeplabv3plus,False,False,0,tensorrt,tensorrt,yolov8n,48.38,48.38,20.67,20.99,5.17,15.5,20.67,885.22,28.6,0.0,885.22,28.6,0.0,32.93,32.96,0.5459,False
1780632245.0145292,archive_flood_airfield,archive_flood_airfield.mp4,35,100.0,640,480,flood,Non-Flooded,deeplabv3plus,False,False,0,tensorrt,tensorrt,yolov8n,42.94,42.94,23.29,23.66,8.1,15.19,23.29,885.22,33.3,0.0,885.22,33.3,0.0,32.93,32.96,0.5124,False
1780632245.0368714,archive_flood_airfield,archive_flood_airfield.mp4,40,25.0,640,480,flood,Non-Flooded,deeplabv3plus,False,False,0,tensorrt,tensorrt,yolov8n,60.98,60.98,16.4,16.81,5.7,10.7,16.4,885.73,42.9,0.0,885.73,42.9,0.0,32.93,32.96,0.6335,False
1780632245.0541613,archive_flood_airfield,archive_flood_airfield.mp4,40,50.0,640,480,flood,Non-Flooded,deeplabv3plus,False,False,0,tensorrt,tensorrt,yolov8n,65.02,65.02,15.38,15.86,4.65,10.74,15.39,885.73,22.2,0.0,885.73,22.2,0.0,32.93,32.96,0.6657,False
1780632245.073317,archive_flood_airfield,archive_flood_airfield.mp4,40,75.0,640,480,flood,Non-Flooded,deeplabv3plus,False,False,0,tensorrt,tensorrt,yolov8n,64.81,64.81,15.43,15.77,5.52,9.91,15.43,885.73,25.0,0.0,885.73,25.0,0.0,32.93,32.96,0.5498,False
1780632245.094338,archive_flood_airfield,archive_flood_airfield.mp4,40,100.0,640,480,flood,Non-Flooded,deeplabv3plus,False,False,0,tensorrt,tensorrt,yolov8n,51.39,51.39,19.46,19.82,4.79,14.67,19.46,885.73,27.3,0.0,885.73,27.3,0.0,32.93,32.96,0.5501,False
1780632245.4280686,archive_flood_airfield,archive_flood_airfield.mp4,0,25.0,640,480,combined,Non-Flooded,resnet18,True,True,0,tensorrt,tensorrt,tensorrt,3.07,3.07,325.25,329.35,8.06,0.0,8.06,1137.08,49.3,0.0,1137.08,49.3,0.0,0.01,0.0,0.0,True
1780632245.4415505,archive_flood_airfield,archive_flood_airfield.mp4,0,50.0,640,480,combined,Non-Flooded,resnet18,False,True,0,tensorrt,tensorrt,tensorrt,84.6,84.6,11.82,12.0,4.44,0.0,4.44,1138.85,28.6,0.0,1138.85,28.6,0.0,0.01,0.0,0.0,True
1780632245.47035,archive_flood_airfield,archive_flood_airfield.mp4,0,75.0,640,480,combined,Non-Flooded,resnet18,False,True,0,tensorrt,tensorrt,tensorrt,70.92,70.92,14.1,14.34,4.83,0.0,4.83,1143.51,50.0,0.0,1143.51,50.0,0.0,0.01,0.0,0.0,True
1780632245.4888668,archive_flood_airfield,archive_flood_airfield.mp4,0,100.0,640,480,combined,Non-Flooded,resnet18,False,True,0,tensorrt,tensorrt,tensorrt,58.96,58.96,16.96,17.19,4.92,0.0,4.92,1143.76,63.6,0.0,1143.76,63.6,0.0,0.01,0.0,0.0,True
1780632245.5116527,archive_flood_airfield,archive_flood_airfield.mp4,5,25.0,640,480,combined,Non-Flooded,resnet18,False,True,0,tensorrt,tensorrt,tensorrt,59.52,59.52,16.8,17.03,4.85,0.0,4.85,1146.07,33.3,0.0,1146.07,33.3,0.0,0.01,0.0,0.0,True
1780632245.5290885,archive_flood_airfield,archive_flood_airfield.mp4,5,50.0,640,480,combined,Non-Flooded,resnet18,False,True,0,tensorrt,tensorrt,tensorrt,61.84,61.84,16.17,16.37,4.54,0.0,4.54,1146.05,45.5,0.0,1146.05,45.5,0.0,0.01,0.0,0.0,False
1780632245.551527,archive_flood_airfield,archive_flood_airfield.mp4,5,75.0,640,480,combined,Non-Flooded,resnet18,False,True,0,tensorrt,tensorrt,tensorrt,68.03,68.03,14.7,14.91,5.37,0.0,5.37,1146.04,50.0,0.0,1146.04,50.0,0.0,0.01,0.0,0.0,False
1780632245.5804915,archive_flood_airfield,archive_flood_airfield.mp4,5,100.0,640,480,combined,Non-Flooded,deeplabv3plus,True,False,0,tensorrt,tensorrt,tensorrt,36.4,36.4,27.47,27.84,5.65,10.55,16.200000000000003,1146.03,44.4,0.0,1146.03,44.4,0.0,0.01,0.0,0.5339,False
1780632245.63563,archive_flood_airfield,archive_flood_airfield.mp4,10,25.0,640,480,combined,Non-Flooded,deeplabv3plus,False,False,0,tensorrt,tensorrt,tensorrt,20.37,20.37,49.08,49.55,8.22,19.03,27.25,1146.01,51.5,0.0,1146.01,51.5,0.0,0.01,0.0,0.6565,False
1780632245.6585443,archive_flood_airfield,archive_flood_airfield.mp4,10,50.0,640,480,combined,Non-Flooded,deeplabv3plus,False,False,0,tensorrt,tensorrt,tensorrt,46.6,46.6,21.46,21.74,5.34,7.99,13.33,1146.0,38.5,0.0,1146.0,38.5,0.0,0.01,0.0,0.6057,False
1780632245.7030404,archive_flood_airfield,archive_flood_airfield.mp4,10,75.0,640,480,combined,Non-Flooded,deeplabv3plus,False,False,0,tensorrt,tensorrt,tensorrt,37.2,37.2,26.88,27.17,4.39,7.79,12.18,1146.84,59.3,0.0,1146.84,59.3,0.0,0.01,0.0,0.4711,False
1780632245.729001,archive_flood_airfield,archive_flood_airfield.mp4,10,100.0,640,480,combined,Non-Flooded,deeplabv3plus,False,False,0,tensorrt,tensorrt,tensorrt,40.7,40.7,24.57,24.83,4.34,8.95,13.29,1146.83,46.7,0.0,1146.83,46.7,0.0,0.01,0.0,0.5019,False
1780632245.7599742,archive_flood_airfield,archive_flood_airfield.mp4,15,25.0,640,480,combined,Non-Flooded,deeplabv3plus,False,False,0,tensorrt,tensorrt,tensorrt,42.94,42.94,23.29,23.67,4.92,9.22,14.14,1147.85,38.9,0.0,1147.85,38.9,0.0,0.01,0.0,0.7044,False
1780632245.7845361,archive_flood_airfield,archive_flood_airfield.mp4,15,50.0,640,480,combined,Non-Flooded,deeplabv3plus,False,False,0,tensorrt,tensorrt,tensorrt,43.31,43.31,23.09,23.36,4.68,9.38,14.06,1147.84,43.7,0.0,1147.84,43.7,0.0,0.01,0.0,0.5666,False
1780632245.8258865,archive_flood_airfield,archive_flood_airfield.mp4,15,75.0,640,480,combined,Non-Flooded,deeplabv3plus,False,False,0,tensorrt,tensorrt,tensorrt,35.17,35.17,28.43,28.74,5.44,13.47,18.91,1147.82,62.5,0.0,1147.82,62.5,0.0,0.01,0.0,0.5047,False
1780632245.8513603,archive_flood_airfield,archive_flood_airfield.mp4,15,100.0,640,480,combined,Non-Flooded,deeplabv3plus,False,False,0,tensorrt,tensorrt,tensorrt,41.58,41.58,24.05,24.3,4.89,9.34,14.23,1147.81,47.1,0.0,1147.81,47.1,0.0,0.01,0.0,0.4942,False
1780632245.8842552,archive_flood_airfield,archive_flood_airfield.mp4,20,25.0,640,480,combined,Non-Flooded,deeplabv3plus,False,False,0,tensorrt,tensorrt,tensorrt,35.06,35.06,28.52,28.82,5.21,13.62,18.83,1147.79,40.0,0.0,1147.79,40.0,0.0,0.01,0.0,0.7079,False
1780632245.921425,archive_flood_airfield,archive_flood_airfield.mp4,20,50.0,640,480,combined,Non-Flooded,deeplabv3plus,False,False,0,tensorrt,tensorrt,tensorrt,28.15,28.15,35.52,35.83,5.37,13.97,19.34,1147.78,40.0,0.0,1147.78,40.0,0.0,0.01,0.0,0.5684,False
1780632245.9606423,archive_flood_airfield,archive_flood_airfield.mp4,20,75.0,640,480,combined,Non-Flooded,deeplabv3plus,False,False,0,tensorrt,tensorrt,tensorrt,40.49,40.49,24.7,25.0,5.3,9.9,15.2,1147.77,50.0,0.0,1147.77,50.0,0.0,0.01,0.0,0.4945,False
1780632245.9862041,archive_flood_airfield,archive_flood_airfield.mp4,20,100.0,640,480,combined,Non-Flooded,deeplabv3plus,False,False,0,tensorrt,tensorrt,tensorrt,41.46,41.46,24.12,24.39,4.99,9.81,14.8,1147.75,14.3,0.0,1147.75,14.3,0.0,0.01,0.0,0.5151,False
1780632246.0300648,archive_flood_airfield,archive_flood_airfield.mp4,25,25.0,640,480,combined,Non-Flooded,deeplabv3plus,False,False,0,tensorrt,tensorrt,tensorrt,26.39,26.39,37.89,38.2,6.6,15.55,22.15,1147.74,41.7,0.0,1147.74,41.7,0.0,0.01,0.0,0.7079,False
1780632246.057976,archive_flood_airfield,archive_flood_airfield.mp4,25,50.0,640,480,combined,Non-Flooded,deeplabv3plus,False,False,0,tensorrt,tensorrt,tensorrt,38.1,38.1,26.25,26.56,5.46,10.76,16.22,1147.73,18.8,0.0,1147.73,18.8,0.0,0.01,0.0,0.5684,False
1780632246.105285,archive_flood_airfield,archive_flood_airfield.mp4,25,75.0,640,480,combined,Non-Flooded,deeplabv3plus,False,False,0,tensorrt,tensorrt,tensorrt,31.19,31.19,32.06,32.41,5.27,10.71,15.98,1147.72,39.3,0.0,1147.72,39.3,0.0,0.01,0.0,0.4945,False
1780632246.1392653,archive_flood_airfield,archive_flood_airfield.mp4,25,100.0,640,480,combined,Non-Flooded,deeplabv3plus,False,False,0,tensorrt,tensorrt,tensorrt,30.89,30.89,32.37,32.67,6.06,12.29,18.349999999999998,1147.71,21.1,0.0,1147.71,21.1,0.0,0.01,0.0,0.5151,False
1780632246.2150223,archive_flood_airfield,archive_flood_airfield.mp4,30,25.0,640,480,combined,Flooded,deeplabv3plus,False,False,0,tensorrt,tensorrt,tensorrt,14.37,14.37,69.6,69.93,6.09,10.82,16.91,1175.11,45.7,0.0,1175.11,45.7,0.0,0.01,0.0,0.5195,False
1780632246.2457523,archive_flood_airfield,archive_flood_airfield.mp4,30,50.0,640,480,combined,Non-Flooded,resnet18,True,False,0,tensorrt,tensorrt,tensorrt,35.09,35.09,28.5,28.89,6.12,10.99,17.11,1177.68,52.6,0.0,1177.68,52.6,0.0,0.01,0.0,0.1962,False
1780632246.288016,archive_flood_airfield,archive_flood_airfield.mp4,30,75.0,640,480,combined,Non-Flooded,deeplabv3plus,True,False,0,tensorrt,tensorrt,tensorrt,40.5,40.5,24.69,25.04,4.84,9.66,14.5,1178.44,34.8,0.0,1178.44,34.8,0.0,0.01,0.0,0.3529,False
1780632246.3244848,archive_flood_airfield,archive_flood_airfield.mp4,30,100.0,640,480,combined,Non-Flooded,deeplabv3plus,False,False,0,tensorrt,tensorrt,tensorrt,28.81,28.81,34.71,35.02,4.86,13.86,18.72,1178.69,30.4,0.0,1178.69,30.4,0.0,0.01,0.0,0.467,False
1780632246.3588345,archive_flood_airfield,archive_flood_airfield.mp4,35,25.0,640,480,combined,Flooded,deeplabv3plus,False,False,0,tensorrt,tensorrt,tensorrt,36.42,36.42,27.46,27.84,5.51,10.19,15.7,1179.62,45.5,0.0,1179.62,45.5,0.0,0.01,0.0,0.6291,False
1780632246.3853693,archive_flood_airfield,archive_flood_airfield.mp4,35,50.0,640,480,combined,Non-Flooded,deeplabv3plus,False,False,0,tensorrt,tensorrt,tensorrt,40.14,40.14,24.91,25.2,5.28,10.16,15.440000000000001,1179.61,14.3,0.0,1179.61,14.3,0.0,0.01,0.0,0.3014,False
1780632246.437102,archive_flood_airfield,archive_flood_airfield.mp4,35,75.0,640,480,combined,Non-Flooded,deeplabv3plus,False,False,0,tensorrt,tensorrt,tensorrt,29.04,29.04,34.43,34.75,7.71,15.64,23.35,1179.6,43.3,0.0,1179.6,43.3,0.0,0.01,0.0,0.3764,False
1780632246.4666965,archive_flood_airfield,archive_flood_airfield.mp4,35,100.0,640,480,combined,Non-Flooded,deeplabv3plus,False,False,0,tensorrt,tensorrt,tensorrt,35.71,35.71,28.0,28.32,5.46,10.32,15.780000000000001,1179.58,37.5,0.0,1179.58,37.5,0.0,0.01,0.0,0.5285,False
1780632246.504867,archive_flood_airfield,archive_flood_airfield.mp4,40,25.0,640,480,combined,Flooded,deeplabv3plus,False,False,0,tensorrt,tensorrt,tensorrt,31.11,31.11,32.14,32.47,5.28,10.26,15.54,1179.5,50.0,0.0,1179.5,50.0,0.0,0.01,0.0,0.6072,False
1780632246.5367694,archive_flood_airfield,archive_flood_airfield.mp4,40,50.0,640,480,combined,Non-Flooded,deeplabv3plus,False,False,0,tensorrt,tensorrt,tensorrt,33.03,33.03,30.28,30.59,5.67,11.67,17.34,1179.46,36.8,0.0,1179.46,36.8,0.0,0.01,0.0,0.3232,False
1780632246.577904,archive_flood_airfield,archive_flood_airfield.mp4,40,75.0,640,480,combined,Non-Flooded,deeplabv3plus,False,False,0,tensorrt,tensorrt,tensorrt,41.43,41.43,24.14,24.43,5.19,9.65,14.84,1179.45,25.9,0.0,1179.45,25.9,0.0,0.01,0.0,0.3468,False
1780632246.6127253,archive_flood_airfield,archive_flood_airfield.mp4,40,100.0,640,480,combined,Non-Flooded,deeplabv3plus,False,False,0,tensorrt,tensorrt,tensorrt,30.02,30.02,33.31,33.6,5.14,11.46,16.6,1179.7,31.6,0.0,1179.7,31.6,0.0,0.01,0.0,0.5029,False
1780632901.9510403,archive_flood_airfield,archive_flood_airfield.mp4,0,25.0,640,480,flood,Non-Flooded,resnet18,False,True,0,tensorrt,tensorrt,yolov8n,39.31,39.31,25.44,25.83,25.44,0.0,25.44,788.64,35.4,0.0,788.64,35.4,0.0,25.61,40.2,0.0,True
1780632901.958843,archive_flood_airfield,archive_flood_airfield.mp4,0,50.0,640,480,flood,Non-Flooded,resnet18,False,True,0,tensorrt,tensorrt,yolov8n,180.51,180.51,5.54,5.74,5.54,0.0,5.54,790.32,50.0,0.0,790.32,50.0,0.0,25.61,40.2,0.0,True
1780632901.9670348,archive_flood_airfield,archive_flood_airfield.mp4,0,75.0,640,480,flood,Non-Flooded,resnet18,False,True,0,tensorrt,tensorrt,yolov8n,188.32,188.32,5.31,5.51,5.31,0.0,5.31,790.89,40.0,0.0,790.89,40.0,0.0,25.61,40.2,0.0,True
1780632901.9735,archive_flood_airfield,archive_flood_airfield.mp4,0,100.0,640,480,flood,Non-Flooded,resnet18,False,True,0,tensorrt,tensorrt,yolov8n,188.32,188.32,5.31,5.5,5.31,0.0,5.31,790.92,25.0,0.0,790.92,25.0,0.0,25.61,40.2,0.0,True
1780632901.984755,archive_flood_airfield,archive_flood_airfield.mp4,5,25.0,640,480,flood,Non-Flooded,resnet18,False,True,0,tensorrt,tensorrt,yolov8n,178.25,178.25,5.61,5.85,5.61,0.0,5.61,794.47,16.7,0.0,794.47,16.7,0.0,25.61,40.2,0.0,True
1780632901.9911296,archive_flood_airfield,archive_flood_airfield.mp4,5,50.0,640,480,flood,Non-Flooded,resnet18,False,True,0,tensorrt,tensorrt,yolov8n,192.31,192.31,5.2,5.34,5.2,0.0,5.2,794.41,25.0,0.0,794.41,25.0,0.0,25.61,40.2,0.0,False
1780632902.004297,archive_flood_airfield,archive_flood_airfield.mp4,5,75.0,640,480,flood,Non-Flooded,resnet18,False,True,0,tensorrt,tensorrt,yolov8n,95.06,95.06,10.52,10.8,10.52,0.0,10.52,794.35,37.5,0.0,794.35,37.5,0.0,25.61,40.2,0.0,False
1780632902.1667473,archive_flood_airfield,archive_flood_airfield.mp4,5,100.0,640,480,flood,Non-Flooded,deeplabv3plus,True,False,0,tensorrt,tensorrt,yolov8n,6.22,6.22,160.87,161.32,10.27,150.6,160.87,897.21,49.0,0.0,897.21,49.0,0.0,25.61,40.2,0.4531,False
1780632902.1914523,archive_flood_airfield,archive_flood_airfield.mp4,10,25.0,640,480,flood,Non-Flooded,deeplabv3plus,False,False,0,tensorrt,tensorrt,yolov8n,60.79,60.79,16.45,16.84,5.57,10.88,16.450000000000003,900.18,62.5,0.0,900.18,62.5,0.0,25.61,40.2,0.7592,False
1780632902.2133727,archive_flood_airfield,archive_flood_airfield.mp4,10,50.0,640,480,flood,Non-Flooded,deeplabv3plus,False,False,0,tensorrt,tensorrt,yolov8n,49.04,49.04,20.39,20.72,5.22,15.17,20.39,900.18,46.2,0.0,900.18,46.2,0.0,25.61,40.2,0.5862,False
1780632902.238862,archive_flood_airfield,archive_flood_airfield.mp4,10,75.0,640,480,flood,Non-Flooded,deeplabv3plus,False,False,0,tensorrt,tensorrt,yolov8n,44.09,44.09,22.68,23.03,8.23,14.45,22.68,900.18,28.6,0.0,900.18,28.6,0.0,25.61,40.2,0.5428,False
1780632902.257609,archive_flood_airfield,archive_flood_airfield.mp4,10,100.0,640,480,flood,Non-Flooded,deeplabv3plus,False,False,0,tensorrt,tensorrt,yolov8n,58.34,58.34,17.14,17.49,6.69,10.45,17.14,900.18,45.5,0.0,900.18,45.5,0.0,25.61,40.2,0.4516,False
1780632902.2743952,archive_flood_airfield,archive_flood_airfield.mp4,15,25.0,640,480,flood,Non-Flooded,deeplabv3plus,False,False,0,tensorrt,tensorrt,yolov8n,87.72,87.72,11.4,11.7,4.12,7.28,11.4,901.73,45.5,0.0,901.73,45.5,0.0,25.61,40.2,0.687,False
1780632902.2868638,archive_flood_airfield,archive_flood_airfield.mp4,15,50.0,640,480,flood,Non-Flooded,deeplabv3plus,False,False,0,tensorrt,tensorrt,yolov8n,90.17,90.17,11.09,11.33,3.82,7.27,11.09,901.73,37.5,0.0,901.73,37.5,0.0,25.61,40.2,0.5655,False
1780632902.3021712,archive_flood_airfield,archive_flood_airfield.mp4,15,75.0,640,480,flood,Non-Flooded,deeplabv3plus,False,False,0,tensorrt,tensorrt,yolov8n,81.1,81.1,12.33,12.72,3.79,8.54,12.329999999999998,901.63,44.4,0.0,901.63,44.4,0.0,25.61,40.2,0.4874,False
1780632902.320239,archive_flood_airfield,archive_flood_airfield.mp4,15,100.0,640,480,flood,Non-Flooded,deeplabv3plus,False,False,0,tensorrt,tensorrt,yolov8n,59.77,59.77,16.73,17.01,4.54,12.18,16.72,901.22,45.5,0.0,901.22,45.5,0.0,25.61,40.2,0.5453,False
1780632902.3416064,archive_flood_airfield,archive_flood_airfield.mp4,20,25.0,640,480,flood,Non-Flooded,deeplabv3plus,False,False,0,tensorrt,tensorrt,yolov8n,58.14,58.14,17.2,17.59,6.04,11.16,17.2,901.22,58.3,0.0,901.22,58.3,0.0,25.61,40.2,0.6712,False
1780632902.3592374,archive_flood_airfield,archive_flood_airfield.mp4,20,50.0,640,480,flood,Non-Flooded,deeplabv3plus,False,False,0,tensorrt,tensorrt,yolov8n,62.81,62.81,15.92,16.21,5.63,10.29,15.919999999999998,901.22,18.2,0.0,901.22,18.2,0.0,25.61,40.2,0.5456,False
1780632902.378132,archive_flood_airfield,archive_flood_airfield.mp4,20,75.0,640,480,flood,Non-Flooded,deeplabv3plus,False,False,0,tensorrt,tensorrt,yolov8n,62.31,62.31,16.05,16.44,5.29,10.76,16.05,901.21,27.3,0.0,901.21,27.3,0.0,25.61,40.2,0.5434,False
1780632902.3989058,archive_flood_airfield,archive_flood_airfield.mp4,20,100.0,640,480,flood,Non-Flooded,deeplabv3plus,False,False,0,tensorrt,tensorrt,yolov8n,51.84,51.84,19.29,19.59,7.95,11.35,19.3,901.21,25.0,0.0,901.21,25.0,0.0,25.61,40.2,0.5455,False
1780632902.4294589,archive_flood_airfield,archive_flood_airfield.mp4,25,25.0,640,480,flood,Non-Flooded,deeplabv3plus,False,False,0,tensorrt,tensorrt,yolov8n,39.17,39.17,25.53,25.93,8.75,16.78,25.53,901.21,29.4,0.0,901.21,29.4,0.0,25.61,40.2,0.7003,False
1780632902.4482863,archive_flood_airfield,archive_flood_airfield.mp4,25,50.0,640,480,flood,Non-Flooded,deeplabv3plus,False,False,0,tensorrt,tensorrt,yolov8n,57.9,57.9,17.27,17.57,5.72,11.56,17.28,901.21,16.7,0.0,901.21,16.7,0.0,25.61,40.2,0.6201,False
1780632902.4703002,archive_flood_airfield,archive_flood_airfield.mp4,25,75.0,640,480,flood,Non-Flooded,deeplabv3plus,False,False,0,tensorrt,tensorrt,yolov8n,54.7,54.7,18.28,18.62,6.16,12.12,18.28,901.21,25.0,0.0,901.21,25.0,0.0,25.61,40.2,0.5372,False
1780632902.4904783,archive_flood_airfield,archive_flood_airfield.mp4,25,100.0,640,480,flood,Non-Flooded,deeplabv3plus,False,False,0,tensorrt,tensorrt,yolov8n,54.0,54.0,18.52,18.83,6.18,12.34,18.52,901.21,27.3,0.0,901.21,27.3,0.0,25.61,40.2,0.5209,False
1780632902.5216997,archive_flood_airfield,archive_flood_airfield.mp4,30,25.0,640,480,flood,Non-Flooded,deeplabv3plus,False,False,0,tensorrt,tensorrt,yolov8n,40.57,40.57,24.65,25.06,8.01,16.64,24.65,901.73,36.8,0.0,901.73,36.8,0.0,25.61,40.2,0.6503,False
1780632902.5533307,archive_flood_airfield,archive_flood_airfield.mp4,30,50.0,640,480,flood,Non-Flooded,deeplabv3plus,False,False,0,tensorrt,tensorrt,yolov8n,33.58,33.58,29.78,30.21,8.84,20.94,29.78,901.73,26.3,0.0,901.73,26.3,0.0,25.61,40.2,0.6515,False
1780632902.573456,archive_flood_airfield,archive_flood_airfield.mp4,30,75.0,640,480,flood,Non-Flooded,deeplabv3plus,False,False,0,tensorrt,tensorrt,yolov8n,63.78,63.78,15.68,16.05,5.53,10.15,15.68,901.73,41.7,0.0,901.73,41.7,0.0,25.61,40.2,0.5384,False
1780632902.5900347,archive_flood_airfield,archive_flood_airfield.mp4,30,100.0,640,480,flood,Non-Flooded,deeplabv3plus,False,False,0,tensorrt,tensorrt,yolov8n,67.57,67.57,14.8,15.2,5.37,9.43,14.8,901.73,33.3,0.0,901.73,33.3,0.0,25.61,40.2,0.5046,False
1780632902.6112556,archive_flood_airfield,archive_flood_airfield.mp4,35,25.0,640,480,flood,Non-Flooded,deeplabv3plus,False,False,0,tensorrt,tensorrt,yolov8n,64.64,64.64,15.47,15.81,4.9,10.57,15.47,901.73,25.0,0.0,901.73,25.0,0.0,25.61,40.2,0.662,False
1780632902.6280365,archive_flood_airfield,archive_flood_airfield.mp4,35,50.0,640,480,flood,Non-Flooded,deeplabv3plus,False,False,0,tensorrt,tensorrt,yolov8n,66.76,66.76,14.98,15.32,5.15,9.83,14.98,901.73,45.5,0.0,901.73,45.5,0.0,25.61,40.2,0.6197,False
1780632902.6527045,archive_flood_airfield,archive_flood_airfield.mp4,35,75.0,640,480,flood,Non-Flooded,deeplabv3plus,False,False,0,tensorrt,tensorrt,yolov8n,48.01,48.01,20.83,21.23,5.44,15.39,20.830000000000002,901.73,21.4,0.0,901.73,21.4,0.0,25.61,40.2,0.5459,False
1780632902.6704082,archive_flood_airfield,archive_flood_airfield.mp4,35,100.0,640,480,flood,Non-Flooded,deeplabv3plus,False,False,0,tensorrt,tensorrt,yolov8n,62.54,62.54,15.99,16.29,5.39,10.6,15.989999999999998,901.73,36.4,0.0,901.73,36.4,0.0,25.61,40.2,0.5124,False
1780632902.691245,archive_flood_airfield,archive_flood_airfield.mp4,40,25.0,640,480,flood,Non-Flooded,deeplabv3plus,False,False,0,tensorrt,tensorrt,yolov8n,62.54,62.54,15.99,16.36,5.29,10.7,15.989999999999998,901.73,38.5,0.0,901.73,38.5,0.0,25.61,40.2,0.6335,False
1780632902.7125025,archive_flood_airfield,archive_flood_airfield.mp4,40,50.0,640,480,flood,Non-Flooded,deeplabv3plus,False,False,0,tensorrt,tensorrt,yolov8n,52.69,52.69,18.98,19.57,5.62,13.36,18.98,901.73,27.3,0.0,901.73,27.3,0.0,25.61,40.2,0.6657,False
1780632902.7347162,archive_flood_airfield,archive_flood_airfield.mp4,40,75.0,640,480,flood,Non-Flooded,deeplabv3plus,False,False,0,tensorrt,tensorrt,yolov8n,58.07,58.07,17.22,17.58,7.27,9.95,17.22,901.72,16.7,0.0,901.72,16.7,0.0,25.61,40.2,0.5498,False
1780632902.751293,archive_flood_airfield,archive_flood_airfield.mp4,40,100.0,640,480,flood,Non-Flooded,deeplabv3plus,False,False,0,tensorrt,tensorrt,yolov8n,66.58,66.58,15.02,15.35,5.2,9.82,15.02,901.72,30.0,0.0,901.72,30.0,0.0,25.61,40.2,0.5501,False
1780632902.7709346,archive_flood_airfield,archive_flood_airfield.mp4,45,25.0,640,480,flood,Non-Flooded,deeplabv3plus,False,False,0,tensorrt,tensorrt,yolov8n,67.48,67.48,14.82,15.21,5.14,9.69,14.829999999999998,901.72,41.7,0.0,901.72,41.7,0.0,25.61,40.2,0.5876,False
1780632902.787462,archive_flood_airfield,archive_flood_airfield.mp4,45,50.0,640,480,flood,Non-Flooded,deeplabv3plus,False,False,0,tensorrt,tensorrt,yolov8n,66.76,66.76,14.98,15.27,5.18,9.8,14.98,901.72,22.2,0.0,901.72,22.2,0.0,25.61,40.2,0.6993,False
1780632902.805498,archive_flood_airfield,archive_flood_airfield.mp4,45,75.0,640,480,flood,Non-Flooded,deeplabv3plus,False,False,0,tensorrt,tensorrt,yolov8n,68.07,68.07,14.69,15.01,4.94,9.75,14.690000000000001,901.72,18.2,0.0,901.72,18.2,0.0,25.61,40.2,0.532,False
1780632902.8299897,archive_flood_airfield,archive_flood_airfield.mp4,45,100.0,640,480,flood,Non-Flooded,deeplabv3plus,False,False,0,tensorrt,tensorrt,yolov8n,43.48,43.48,23.0,23.34,5.29,17.71,23.0,901.72,43.8,0.0,901.72,43.8,0.0,25.61,40.2,0.553,False
1780632902.8501406,archive_flood_airfield,archive_flood_airfield.mp4,50,25.0,640,480,flood,Non-Flooded,deeplabv3plus,False,False,0,tensorrt,tensorrt,yolov8n,67.93,67.93,14.72,15.09,5.37,9.35,14.719999999999999,901.72,42.9,0.0,901.72,42.9,0.0,25.61,40.2,0.6526,False
1780632902.8663523,archive_flood_airfield,archive_flood_airfield.mp4,50,50.0,640,480,flood,Non-Flooded,deeplabv3plus,False,False,0,tensorrt,tensorrt,yolov8n,68.26,68.26,14.65,14.96,5.15,9.5,14.65,901.72,12.5,0.0,901.72,12.5,0.0,25.61,40.2,0.6084,False
1780632902.8840792,archive_flood_airfield,archive_flood_airfield.mp4,50,75.0,640,480,flood,Non-Flooded,deeplabv3plus,False,False,0,tensorrt,tensorrt,yolov8n,69.25,69.25,14.44,14.74,4.85,9.59,14.44,901.72,25.0,0.0,901.72,25.0,0.0,25.61,40.2,0.4881,False
1780632902.90027,archive_flood_airfield,archive_flood_airfield.mp4,50,100.0,640,480,flood,Non-Flooded,deeplabv3plus,False,False,0,tensorrt,tensorrt,yolov8n,67.93,67.93,14.72,15.04,4.94,9.78,14.719999999999999,901.72,20.0,0.0,901.72,20.0,0.0,25.61,40.2,0.5189,False
1780632902.9267733,archive_flood_airfield,archive_flood_airfield.mp4,55,25.0,640,480,flood,Non-Flooded,deeplabv3plus,False,False,0,tensorrt,tensorrt,yolov8n,48.47,48.47,20.63,20.99,6.75,13.88,20.630000000000003,901.72,50.0,0.0,901.72,50.0,0.0,25.61,40.2,0.7103,False
1780632902.9431655,archive_flood_airfield,archive_flood_airfield.mp4,55,50.0,640,480,flood,Non-Flooded,deeplabv3plus,False,False,0,tensorrt,tensorrt,yolov8n,67.48,67.48,14.82,15.13,5.28,9.54,14.82,901.72,30.0,0.0,901.72,30.0,0.0,25.61,40.2,0.5666,False
1780632902.9615905,archive_flood_airfield,archive_flood_airfield.mp4,55,75.0,640,480,flood,Non-Flooded,deeplabv3plus,False,False,0,tensorrt,tensorrt,yolov8n,66.67,66.67,15.0,15.28,5.04,9.96,15.0,901.72,10.0,0.0,901.72,10.0,0.0,25.61,40.2,0.5085,False
1780632902.978109,archive_flood_airfield,archive_flood_airfield.mp4,55,100.0,640,480,flood,Non-Flooded,deeplabv3plus,False,False,0,tensorrt,tensorrt,yolov8n,66.27,66.27,15.09,15.43,5.03,10.06,15.09,901.72,27.3,0.0,901.72,27.3,0.0,25.61,40.2,0.4933,False
1780632903.0011418,archive_flood_airfield,archive_flood_airfield.mp4,60,25.0,640,480,flood,Non-Flooded,deeplabv3plus,False,False,0,tensorrt,tensorrt,yolov8n,60.79,60.79,16.45,16.85,5.63,10.82,16.45,901.72,60.0,0.0,901.72,60.0,0.0,25.61,40.2,0.7079,False
1780632903.0234087,archive_flood_airfield,archive_flood_airfield.mp4,60,50.0,640,480,flood,Non-Flooded,deeplabv3plus,False,False,0,tensorrt,tensorrt,yolov8n,48.61,48.61,20.57,20.95,5.38,15.19,20.57,901.71,38.5,0.0,901.71,38.5,0.0,25.61,40.2,0.5684,False
1780632903.0418608,archive_flood_airfield,archive_flood_airfield.mp4,60,75.0,640,480,flood,Non-Flooded,deeplabv3plus,False,False,0,tensorrt,tensorrt,yolov8n,66.8,66.8,14.97,15.28,5.09,9.88,14.97,901.71,25.0,0.0,901.71,25.0,0.0,25.61,40.2,0.4945,False
1780632903.0586686,archive_flood_airfield,archive_flood_airfield.mp4,60,100.0,640,480,flood,Non-Flooded,deeplabv3plus,False,False,0,tensorrt,tensorrt,yolov8n,65.4,65.4,15.29,15.61,5.16,10.13,15.290000000000001,901.71,20.0,0.0,901.71,20.0,0.0,25.61,40.2,0.5151,False
1780632903.0792289,archive_flood_airfield,archive_flood_airfield.mp4,65,25.0,640,480,flood,Non-Flooded,deeplabv3plus,False,False,0,tensorrt,tensorrt,yolov8n,68.31,68.31,14.64,15.0,5.12,9.52,14.64,901.71,36.4,0.0,901.71,36.4,0.0,25.61,40.2,0.7079,False
1780632903.0959451,archive_flood_airfield,archive_flood_airfield.mp4,65,50.0,640,480,flood,Non-Flooded,deeplabv3plus,False,False,0,tensorrt,tensorrt,yolov8n,66.67,66.67,15.0,15.37,5.09,9.91,15.0,901.71,41.7,0.0,901.71,41.7,0.0,25.61,40.2,0.5684,False
1780632903.118242,archive_flood_airfield,archive_flood_airfield.mp4,65,75.0,640,480,flood,Non-Flooded,deeplabv3plus,False,False,0,tensorrt,tensorrt,yolov8n,53.45,53.45,18.71,19.04,5.1,13.61,18.71,901.71,35.7,0.0,901.71,35.7,0.0,25.61,40.2,0.4945,False
1780632903.140355,archive_flood_airfield,archive_flood_airfield.mp4,65,100.0,640,480,flood,Non-Flooded,deeplabv3plus,False,False,0,tensorrt,tensorrt,yolov8n,48.71,48.71,20.53,20.9,6.01,14.52,20.53,901.71,23.1,0.0,901.71,23.1,0.0,25.61,40.2,0.5151,False
1780632903.162203,archive_flood_airfield,archive_flood_airfield.mp4,70,25.0,640,480,flood,Flooded,deeplabv3plus,False,False,0,tensorrt,tensorrt,yolov8n,62.93,62.93,15.89,16.37,5.46,10.42,15.879999999999999,901.71,50.0,0.0,901.71,50.0,0.0,25.61,40.2,0.5181,False
1780632903.1796813,archive_flood_airfield,archive_flood_airfield.mp4,70,50.0,640,480,flood,Non-Flooded,deeplabv3plus,False,False,0,tensorrt,tensorrt,yolov8n,63.45,63.45,15.76,16.15,5.67,10.1,15.77,901.71,33.3,0.0,901.71,33.3,0.0,25.61,40.2,0.2109,False
1780632903.1974082,archive_flood_airfield,archive_flood_airfield.mp4,70,75.0,640,480,flood,Non-Flooded,deeplabv3plus,False,False,0,tensorrt,tensorrt,yolov8n,69.06,69.06,14.48,14.78,4.94,9.54,14.48,901.71,27.3,0.0,901.71,27.3,0.0,25.61,40.2,0.4109,False
1780632903.2193058,archive_flood_airfield,archive_flood_airfield.mp4,70,100.0,640,480,flood,Non-Flooded,deeplabv3plus,False,False,0,tensorrt,tensorrt,yolov8n,49.16,49.16,20.34,20.72,5.11,15.23,20.34,901.71,33.3,0.0,901.71,33.3,0.0,25.61,40.2,0.4868,False
1780632903.2430818,archive_flood_airfield,archive_flood_airfield.mp4,75,25.0,640,480,flood,Non-Flooded,deeplabv3plus,False,False,0,tensorrt,tensorrt,yolov8n,64.43,64.43,15.52,15.87,5.61,9.91,15.52,901.71,46.7,0.0,901.71,46.7,0.0,25.61,40.2,0.5623,False
1780632903.2570865,archive_flood_airfield,archive_flood_airfield.mp4,75,50.0,640,480,flood,Non-Flooded,deeplabv3plus,False,False,0,tensorrt,tensorrt,yolov8n,81.04,81.04,12.34,12.69,4.31,8.03,12.34,901.71,37.5,0.0,901.71,37.5,0.0,25.61,40.2,0.2508,False
1780632903.2725153,archive_flood_airfield,archive_flood_airfield.mp4,75,75.0,640,480,flood,Non-Flooded,deeplabv3plus,False,False,0,tensorrt,tensorrt,yolov8n,83.68,83.68,11.95,12.26,4.26,7.69,11.95,901.71,33.3,0.0,901.71,33.3,0.0,25.61,40.2,0.3334,False
1780632903.2854652,archive_flood_airfield,archive_flood_airfield.mp4,75,100.0,640,480,flood,Non-Flooded,deeplabv3plus,False,False,0,tensorrt,tensorrt,yolov8n,86.58,86.58,11.55,11.79,3.98,7.57,11.55,901.71,12.5,0.0,901.71,12.5,0.0,25.61,40.2,0.5151,False
1780632903.3011289,archive_flood_airfield,archive_flood_airfield.mp4,80,25.0,640,480,flood,Flooded,deeplabv3plus,False,False,0,tensorrt,tensorrt,yolov8n,91.41,91.41,10.94,11.22,3.99,6.95,10.940000000000001,901.71,33.3,0.0,901.71,33.3,0.0,25.61,40.2,0.5611,False
1780632903.3250015,archive_flood_airfield,archive_flood_airfield.mp4,80,50.0,640,480,flood,Non-Flooded,deeplabv3plus,False,False,0,tensorrt,tensorrt,yolov8n,44.8,44.8,22.32,22.66,5.06,17.26,22.32,901.71,42.9,0.0,901.71,42.9,0.0,25.61,40.2,0.3751,False
1780632903.3483076,archive_flood_airfield,archive_flood_airfield.mp4,80,75.0,640,480,flood,Non-Flooded,deeplabv3plus,False,False,0,tensorrt,tensorrt,yolov8n,49.68,49.68,20.13,20.51,5.39,14.74,20.13,901.71,33.3,0.0,901.71,33.3,0.0,25.61,40.2,0.3649,False
1780632903.3641567,archive_flood_airfield,archive_flood_airfield.mp4,80,100.0,640,480,flood,Non-Flooded,deeplabv3plus,False,False,0,tensorrt,tensorrt,yolov8n,69.4,69.4,14.41,14.71,4.49,9.93,14.42,901.71,33.3,0.0,901.71,33.3,0.0,25.61,40.2,0.5177,False
1780632903.3837767,archive_flood_airfield,archive_flood_airfield.mp4,85,25.0,640,480,flood,Flooded,deeplabv3plus,False,False,0,tensorrt,tensorrt,yolov8n,68.49,68.49,14.6,14.92,5.36,9.24,14.600000000000001,901.71,27.3,0.0,901.71,27.3,0.0,25.61,40.2,0.6843,False
1780632903.4002144,archive_flood_airfield,archive_flood_airfield.mp4,85,50.0,640,480,flood,Non-Flooded,deeplabv3plus,False,False,0,tensorrt,tensorrt,yolov8n,67.25,67.25,14.87,15.13,5.11,9.76,14.870000000000001,901.71,27.3,0.0,901.71,27.3,0.0,25.61,40.2,0.4107,False
1780632903.4230936,archive_flood_airfield,archive_flood_airfield.mp4,85,75.0,640,480,flood,Flooded,deeplabv3plus,False,False,0,tensorrt,tensorrt,yolov8n,51.81,51.81,19.3,19.7,5.1,14.2,19.299999999999997,901.71,41.7,0.0,901.71,41.7,0.0,25.61,40.2,0.3171,False
1780632903.4430916,archive_flood_airfield,archive_flood_airfield.mp4,85,100.0,640,480,flood,Non-Flooded,deeplabv3plus,False,False,0,tensorrt,tensorrt,yolov8n,54.73,54.73,18.27,18.63,6.61,11.66,18.27,901.71,41.7,0.0,901.71,41.7,0.0,25.61,40.2,0.5223,False
1780632903.460917,archive_flood_airfield,archive_flood_airfield.mp4,90,25.0,640,480,flood,Flooded,deeplabv3plus,False,False,0,tensorrt,tensorrt,yolov8n,82.03,82.03,12.19,12.58,4.24,7.95,12.190000000000001,901.71,66.7,0.0,901.71,66.7,0.0,25.61,40.2,0.7192,False
1780632903.4742599,archive_flood_airfield,archive_flood_airfield.mp4,90,50.0,640,480,flood,Flooded,deeplabv3plus,False,False,0,tensorrt,tensorrt,yolov8n,84.25,84.25,11.87,12.14,4.17,7.7,11.870000000000001,901.71,25.0,0.0,901.71,25.0,0.0,25.61,40.2,0.3168,False
1780632903.4888644,archive_flood_airfield,archive_flood_airfield.mp4,90,75.0,640,480,flood,Flooded,deeplabv3plus,False,False,0,tensorrt,tensorrt,yolov8n,87.57,87.57,11.42,11.65,3.97,7.45,11.42,901.71,20.0,0.0,901.71,20.0,0.0,25.61,40.2,0.3302,False
1780632903.5018232,archive_flood_airfield,archive_flood_airfield.mp4,90,100.0,640,480,flood,Non-Flooded,deeplabv3plus,False,False,0,tensorrt,tensorrt,yolov8n,86.58,86.58,11.55,11.81,3.96,7.6,11.559999999999999,901.71,25.0,0.0,901.71,25.0,0.0,25.61,40.2,0.5066,False
1780632903.5226045,archive_flood_airfield,archive_flood_airfield.mp4,95,25.0,640,480,flood,Non-Flooded,deeplabv3plus,False,False,0,tensorrt,tensorrt,yolov8n,62.7,62.7,15.95,16.3,4.55,11.4,15.95,901.71,54.5,0.0,901.71,54.5,0.0,25.61,40.2,0.7003,False
1780632903.5397506,archive_flood_airfield,archive_flood_airfield.mp4,95,50.0,640,480,flood,Flooded,deeplabv3plus,False,False,0,tensorrt,tensorrt,yolov8n,63.9,63.9,15.65,16.0,5.27,10.38,15.65,901.7,41.7,0.0,901.7,41.7,0.0,25.61,40.2,0.4643,False
1780632903.5562801,archive_flood_airfield,archive_flood_airfield.mp4,95,75.0,640,480,flood,Flooded,deeplabv3plus,False,False,0,tensorrt,tensorrt,yolov8n,75.3,75.3,13.28,13.58,4.64,8.64,13.280000000000001,901.7,30.0,0.0,901.7,30.0,0.0,25.61,40.2,0.3176,False
1780632903.5704348,archive_flood_airfield,archive_flood_airfield.mp4,95,100.0,640,480,flood,Non-Flooded,deeplabv3plus,False,False,0,tensorrt,tensorrt,yolov8n,77.7,77.7,12.87,13.1,4.35,8.51,12.86,901.7,22.2,0.0,901.7,22.2,0.0,25.61,40.2,0.5191,False
1780632903.5885496,archive_flood_airfield,archive_flood_airfield.mp4,100,25.0,640,480,flood,Non-Flooded,deeplabv3plus,False,False,0,tensorrt,tensorrt,yolov8n,72.05,72.05,13.88,14.19,4.87,9.0,13.870000000000001,901.7,36.4,0.0,901.7,36.4,0.0,25.61,40.2,0.7501,False
1780632903.6047695,archive_flood_airfield,archive_flood_airfield.mp4,100,50.0,640,480,flood,Flooded,deeplabv3plus,False,False,0,tensorrt,tensorrt,yolov8n,67.52,67.52,14.81,15.1,4.7,10.1,14.8,901.7,30.0,0.0,901.7,30.0,0.0,25.61,40.2,0.4716,False
1780632903.6268907,archive_flood_airfield,archive_flood_airfield.mp4,100,75.0,640,480,flood,Flooded,deeplabv3plus,False,False,0,tensorrt,tensorrt,yolov8n,53.13,53.13,18.82,19.21,4.96,13.86,18.82,901.7,53.8,0.0,901.7,53.8,0.0,25.61,40.2,0.3406,False
1780632903.6454878,archive_flood_airfield,archive_flood_airfield.mp4,100,100.0,640,480,flood,Non-Flooded,deeplabv3plus,False,False,0,tensorrt,tensorrt,yolov8n,58.58,58.58,17.07,17.38,5.59,11.48,17.07,901.7,27.3,0.0,901.7,27.3,0.0,25.61,40.2,0.4923,False
1780632903.6643484,archive_flood_airfield,archive_flood_airfield.mp4,105,25.0,640,480,flood,Flooded,deeplabv3plus,False,False,0,tensorrt,tensorrt,yolov8n,67.8,67.8,14.75,15.11,5.14,9.61,14.75,901.7,33.3,0.0,901.7,33.3,0.0,25.61,40.2,0.8116,False
1780632903.6806273,archive_flood_airfield,archive_flood_airfield.mp4,105,50.0,640,480,flood,Flooded,deeplabv3plus,False,False,0,tensorrt,tensorrt,yolov8n,67.8,67.8,14.75,15.09,4.95,9.79,14.739999999999998,901.7,30.0,0.0,901.7,30.0,0.0,25.61,40.2,0.4806,False
1780632903.6979911,archive_flood_airfield,archive_flood_airfield.mp4,105,75.0,640,480,flood,Flooded,deeplabv3plus,False,False,0,tensorrt,tensorrt,yolov8n,69.35,69.35,14.42,14.68,4.97,9.45,14.419999999999998,901.7,36.4,0.0,901.7,36.4,0.0,25.61,40.2,0.2991,False
1780632903.7161367,archive_flood_airfield,archive_flood_airfield.mp4,105,100.0,640,480,flood,Non-Flooded,deeplabv3plus,False,False,0,tensorrt,tensorrt,yolov8n,60.5,60.5,16.53,16.95,5.08,11.45,16.53,901.7,40.0,0.0,901.7,40.0,0.0,25.61,40.2,0.468,False
1780632903.7397118,archive_flood_airfield,archive_flood_airfield.mp4,110,25.0,640,480,flood,Non-Flooded,deeplabv3plus,False,False,0,tensorrt,tensorrt,yolov8n,52.94,52.94,18.89,19.22,5.33,13.56,18.89,901.7,28.6,0.0,901.7,28.6,0.0,25.61,40.2,0.8215,False
1780632903.7564278,archive_flood_airfield,archive_flood_airfield.mp4,110,50.0,640,480,flood,Flooded,deeplabv3plus,False,False,0,tensorrt,tensorrt,yolov8n,66.45,66.45,15.05,15.38,5.05,10.0,15.05,901.7,27.3,0.0,901.7,27.3,0.0,25.61,40.2,0.5203,False
1780632903.7763624,archive_flood_airfield,archive_flood_airfield.mp4,110,75.0,640,480,flood,Flooded,deeplabv3plus,False,False,0,tensorrt,tensorrt,yolov8n,60.94,60.94,16.41,16.75,5.23,11.18,16.41,901.7,30.8,0.0,901.7,30.8,0.0,25.61,40.2,0.2407,False
1780632903.7932057,archive_flood_airfield,archive_flood_airfield.mp4,110,100.0,640,480,flood,Non-Flooded,deeplabv3plus,False,False,0,tensorrt,tensorrt,yolov8n,64.77,64.77,15.44,15.71,5.23,10.2,15.43,901.7,33.3,0.0,901.7,33.3,0.0,25.61,40.2,0.5141,False
1780632903.8183527,archive_flood_airfield,archive_flood_airfield.mp4,115,25.0,640,480,flood,Non-Flooded,deeplabv3plus,False,False,0,tensorrt,tensorrt,yolov8n,58.14,58.14,17.2,17.5,5.16,12.04,17.2,901.7,40.0,0.0,901.7,40.0,0.0,25.61,40.2,0.7405,False
1780632903.8396063,archive_flood_airfield,archive_flood_airfield.mp4,115,50.0,640,480,flood,Flooded,deeplabv3plus,False,False,0,tensorrt,tensorrt,yolov8n,51.2,51.2,19.53,19.92,6.02,13.51,19.53,901.7,35.7,0.0,901.7,35.7,0.0,25.61,40.2,0.529,False
1780632903.8602805,archive_flood_airfield,archive_flood_airfield.mp4,115,75.0,640,480,flood,Flooded,deeplabv3plus,False,False,0,tensorrt,tensorrt,yolov8n,56.21,56.21,17.79,18.12,5.03,12.76,17.79,901.7,25.0,0.0,901.7,25.0,0.0,25.61,40.2,0.3299,False
1780632903.8775716,archive_flood_airfield,archive_flood_airfield.mp4,115,100.0,640,480,flood,Non-Flooded,deeplabv3plus,False,False,0,tensorrt,tensorrt,yolov8n,63.37,63.37,15.78,16.07,5.19,10.59,15.780000000000001,901.7,30.0,0.0,901.7,30.0,0.0,25.61,40.2,0.5147,False
1780632903.8992407,archive_flood_airfield,archive_flood_airfield.mp4,120,25.0,640,480,flood,Flooded,deeplabv3plus,False,False,0,tensorrt,tensorrt,yolov8n,60.79,60.79,16.45,16.82,5.82,10.62,16.439999999999998,901.69,46.2,0.0,901.69,46.2,0.0,25.61,40.2,0.7674,False
1780632903.9215255,archive_flood_airfield,archive_flood_airfield.mp4,120,50.0,640,480,flood,Flooded,deeplabv3plus,False,False,0,tensorrt,tensorrt,yolov8n,48.4,48.4,20.66,21.01,5.29,15.37,20.66,901.69,26.7,0.0,901.69,26.7,0.0,25.61,40.2,0.4922,False
1780632903.9470065,archive_flood_airfield,archive_flood_airfield.mp4,120,75.0,640,480,flood,Flooded,deeplabv3plus,False,False,0,tensorrt,tensorrt,yolov8n,43.69,43.69,22.89,23.15,5.65,17.24,22.89,901.69,21.4,0.0,901.69,21.4,0.0,25.61,40.2,0.3185,False
1780632903.9611032,archive_flood_airfield,archive_flood_airfield.mp4,120,100.0,640,480,flood,Non-Flooded,deeplabv3plus,False,False,0,tensorrt,tensorrt,yolov8n,78.55,78.55,12.73,13.0,4.06,8.67,12.73,901.68,50.0,0.0,901.68,50.0,0.0,25.61,40.2,0.4819,False
1780632903.9799407,archive_flood_airfield,archive_flood_airfield.mp4,125,25.0,640,480,flood,Flooded,deeplabv3plus,False,False,0,tensorrt,tensorrt,yolov8n,73.48,73.48,13.61,13.93,4.91,8.7,13.61,901.68,50.0,0.0,901.68,50.0,0.0,25.61,40.2,0.7924,False
1780632903.9943094,archive_flood_airfield,archive_flood_airfield.mp4,125,50.0,640,480,flood,Flooded,deeplabv3plus,False,False,0,tensorrt,tensorrt,yolov8n,77.88,77.88,12.84,13.12,4.57,8.27,12.84,901.68,25.0,0.0,901.68,25.0,0.0,25.61,40.2,0.3056,False
1780632904.0101314,archive_flood_airfield,archive_flood_airfield.mp4,125,75.0,640,480,flood,Flooded,deeplabv3plus,False,False,0,tensorrt,tensorrt,yolov8n,81.3,81.3,12.3,12.57,4.3,8.0,12.3,901.68,12.5,0.0,901.68,12.5,0.0,25.61,40.2,0.2485,False
1780632904.027293,archive_flood_airfield,archive_flood_airfield.mp4,125,100.0,640,480,flood,Non-Flooded,deeplabv3plus,False,False,0,tensorrt,tensorrt,yolov8n,63.61,63.61,15.72,16.01,4.71,11.01,15.719999999999999,901.68,30.0,0.0,901.68,30.0,0.0,25.61,40.2,0.5918,False
1780632904.0488377,archive_flood_airfield,archive_flood_airfield.mp4,130,25.0,640,480,flood,Flooded,deeplabv3plus,False,False,0,tensorrt,tensorrt,yolov8n,67.84,67.84,14.74,15.06,5.03,9.7,14.73,901.68,53.3,0.0,901.68,53.3,0.0,25.61,40.2,0.8326,False
1780632904.064911,archive_flood_airfield,archive_flood_airfield.mp4,130,50.0,640,480,flood,Flooded,deeplabv3plus,False,False,0,tensorrt,tensorrt,yolov8n,69.35,69.35,14.42,14.77,5.01,9.41,14.42,901.68,44.4,0.0,901.68,44.4,0.0,25.61,40.2,0.6311,False
1780632904.083435,archive_flood_airfield,archive_flood_airfield.mp4,130,75.0,640,480,flood,Flooded,deeplabv3plus,False,False,0,tensorrt,tensorrt,yolov8n,67.2,67.2,14.88,15.24,4.81,10.08,14.89,901.68,30.0,0.0,901.68,30.0,0.0,25.61,40.2,0.2451,False
1780632904.0998936,archive_flood_airfield,archive_flood_airfield.mp4,130,100.0,640,480,flood,Non-Flooded,deeplabv3plus,False,False,0,tensorrt,tensorrt,yolov8n,67.16,67.16,14.89,15.15,5.07,9.82,14.89,901.68,11.1,0.0,901.68,11.1,0.0,25.61,40.2,0.5728,False
1780632904.5858345,archive_flood_airfield,archive_flood_airfield.mp4,0,25.0,640,480,combined,Flooded,deeplabv3plus,True,False,0,tensorrt,tensorrt,tensorrt,2.1,2.1,476.87,481.52,5.37,16.22,21.59,1162.18,56.6,0.0,1162.18,56.6,0.0,0.01,0.0,0.8163,True
1780632904.610962,archive_flood_airfield,archive_flood_airfield.mp4,0,50.0,640,480,combined,Flooded,deeplabv3plus,False,False,0,tensorrt,tensorrt,tensorrt,43.08,43.08,23.21,23.5,4.47,8.04,12.509999999999998,1165.77,50.0,0.0,1165.77,50.0,0.0,0.01,0.0,0.483,True
1780632904.6481538,archive_flood_airfield,archive_flood_airfield.mp4,0,75.0,640,480,combined,Flooded,deeplabv3plus,False,False,0,tensorrt,tensorrt,tensorrt,29.0,29.0,34.48,34.77,3.88,8.22,12.100000000000001,1165.76,66.7,0.0,1165.76,66.7,0.0,0.01,0.0,0.2502,True
1780632904.6770992,archive_flood_airfield,archive_flood_airfield.mp4,0,100.0,640,480,combined,Non-Flooded,deeplabv3plus,False,False,0,tensorrt,tensorrt,tensorrt,36.66,36.66,27.28,27.58,5.19,11.11,16.3,1165.75,47.1,0.0,1165.75,47.1,0.0,0.01,0.0,0.4807,True
1780632904.709718,archive_flood_airfield,archive_flood_airfield.mp4,5,25.0,640,480,combined,Flooded,deeplabv3plus,False,False,0,tensorrt,tensorrt,tensorrt,36.56,36.56,27.35,27.7,4.73,8.98,13.71,1167.46,50.0,0.0,1167.46,50.0,0.0,0.01,0.0,0.8716,True
1780632904.75342,archive_flood_airfield,archive_flood_airfield.mp4,5,50.0,640,480,combined,Flooded,deeplabv3plus,False,False,0,tensorrt,tensorrt,tensorrt,23.69,23.69,42.21,42.5,6.65,15.36,22.009999999999998,1167.42,51.9,0.0,1167.42,51.9,0.0,0.01,0.0,0.3326,False
1780632904.7763948,archive_flood_airfield,archive_flood_airfield.mp4,5,75.0,640,480,combined,Flooded,resnet18,True,False,0,tensorrt,tensorrt,tensorrt,49.65,49.65,20.14,20.46,3.72,7.17,10.89,1167.38,35.7,0.0,1167.38,35.7,0.0,0.01,0.0,0.1138,False
1780632904.7988634,archive_flood_airfield,archive_flood_airfield.mp4,5,100.0,640,480,combined,Non-Flooded,deeplabv3plus,True,False,0,tensorrt,tensorrt,tensorrt,47.66,47.66,20.98,21.32,3.96,7.16,11.120000000000001,1167.35,50.0,0.0,1167.35,50.0,0.0,0.01,0.0,0.4848,False
1780632904.8304753,archive_flood_airfield,archive_flood_airfield.mp4,10,25.0,640,480,combined,Flooded,deeplabv3plus,False,False,0,tensorrt,tensorrt,tensorrt,39.29,39.29,25.45,25.74,3.92,6.87,10.79,1167.31,50.0,0.0,1167.31,50.0,0.0,0.01,0.0,0.904,False
1780632904.8652706,archive_flood_airfield,archive_flood_airfield.mp4,10,50.0,640,480,combined,Flooded,deeplabv3plus,False,False,0,tensorrt,tensorrt,tensorrt,30.01,30.01,33.32,33.59,5.88,16.21,22.09,1167.28,42.9,0.0,1167.28,42.9,0.0,0.01,0.0,0.3374,False
1780632904.8951242,archive_flood_airfield,archive_flood_airfield.mp4,10,75.0,640,480,combined,Flooded,resnet18,True,False,0,tensorrt,tensorrt,tensorrt,37.31,37.31,26.8,27.14,5.18,9.41,14.59,1167.24,35.3,0.0,1167.24,35.3,0.0,0.01,0.0,0.1653,False
1780632904.926615,archive_flood_airfield,archive_flood_airfield.mp4,10,100.0,640,480,combined,Non-Flooded,deeplabv3plus,True,False,0,tensorrt,tensorrt,tensorrt,33.51,33.51,29.84,30.23,4.81,9.6,14.41,1167.23,44.4,0.0,1167.23,44.4,0.0,0.01,0.0,0.5215,False
1780632904.9628758,archive_flood_airfield,archive_flood_airfield.mp4,15,25.0,640,480,combined,Flooded,deeplabv3plus,False,False,0,tensorrt,tensorrt,tensorrt,33.03,33.03,30.28,30.67,6.89,11.47,18.36,1167.45,47.6,0.0,1167.45,47.6,0.0,0.01,0.0,0.9079,False
1780632904.9927223,archive_flood_airfield,archive_flood_airfield.mp4,15,50.0,640,480,combined,Flooded,deeplabv3plus,False,False,0,tensorrt,tensorrt,tensorrt,35.29,35.29,28.34,28.68,4.87,9.68,14.55,1167.42,38.9,0.0,1167.42,38.9,0.0,0.01,0.0,0.4659,False
1780632905.0231566,archive_flood_airfield,archive_flood_airfield.mp4,15,75.0,640,480,combined,Flooded,deeplabv3plus,False,False,0,tensorrt,tensorrt,tensorrt,36.87,36.87,27.12,27.41,5.13,9.85,14.98,1167.38,41.2,0.0,1167.38,41.2,0.0,0.01,0.0,0.3707,False
1780632905.0611947,archive_flood_airfield,archive_flood_airfield.mp4,15,100.0,640,480,combined,Non-Flooded,deeplabv3plus,False,False,0,tensorrt,tensorrt,tensorrt,27.37,27.37,36.54,36.83,6.2,15.66,21.86,1167.37,40.9,0.0,1167.37,40.9,0.0,0.01,0.0,0.6514,False
1780632905.0916376,archive_flood_airfield,archive_flood_airfield.mp4,20,25.0,640,480,combined,Flooded,deeplabv3plus,False,False,0,tensorrt,tensorrt,tensorrt,39.64,39.64,25.23,25.53,5.34,10.04,15.379999999999999,1167.35,43.7,0.0,1167.35,43.7,0.0,0.01,0.0,0.9308,False
1780632905.1189508,archive_flood_airfield,archive_flood_airfield.mp4,20,50.0,640,480,combined,Flooded,deeplabv3plus,False,False,0,tensorrt,tensorrt,tensorrt,38.88,38.88,25.72,25.99,5.07,9.75,14.82,1167.27,35.3,0.0,1167.27,35.3,0.0,0.01,0.0,0.4464,False
1780632905.1641328,archive_flood_airfield,archive_flood_airfield.mp4,20,75.0,640,480,combined,Flooded,deeplabv3plus,False,False,0,tensorrt,tensorrt,tensorrt,23.95,23.95,41.76,42.05,5.64,18.77,24.41,1166.11,58.6,0.0,1166.11,58.6,0.0,0.01,0.0,0.3725,False
1780632905.1888063,archive_flood_airfield,archive_flood_airfield.mp4,20,100.0,640,480,combined,Non-Flooded,deeplabv3plus,False,False,0,tensorrt,tensorrt,tensorrt,43.07,43.07,23.22,23.48,4.98,9.33,14.31,1166.09,28.6,0.0,1166.09,28.6,0.0,0.01,0.0,0.5864,False
1780632905.2217283,archive_flood_airfield,archive_flood_airfield.mp4,25,25.0,640,480,combined,Flooded,deeplabv3plus,False,False,0,tensorrt,tensorrt,tensorrt,35.95,35.95,27.82,28.11,5.12,12.36,17.48,1166.35,47.4,0.0,1166.35,47.4,0.0,0.01,0.0,0.954,False
1780632905.2579112,archive_flood_airfield,archive_flood_airfield.mp4,25,50.0,640,480,combined,Flooded,deeplabv3plus,False,False,0,tensorrt,tensorrt,tensorrt,28.99,28.99,34.49,34.98,5.25,18.14,23.39,1166.32,52.2,0.0,1166.32,52.2,0.0,0.01,0.0,0.598,False
1780632905.2866116,archive_flood_airfield,archive_flood_airfield.mp4,25,75.0,640,480,combined,Flooded,deeplabv3plus,False,False,0,tensorrt,tensorrt,tensorrt,38.49,38.49,25.98,26.24,4.58,8.82,13.4,1166.28,31.3,0.0,1166.28,31.3,0.0,0.01,0.0,0.4582,False
1780632905.3114743,archive_flood_airfield,archive_flood_airfield.mp4,25,100.0,640,480,combined,Non-Flooded,deeplabv3plus,False,False,0,tensorrt,tensorrt,tensorrt,42.68,42.68,23.43,23.72,4.72,9.5,14.219999999999999,1166.27,25.0,0.0,1166.27,25.0,0.0,0.01,0.0,0.612,False
1780632905.3532367,archive_flood_airfield,archive_flood_airfield.mp4,30,25.0,640,480,combined,Flooded,deeplabv3plus,False,False,0,tensorrt,tensorrt,tensorrt,27.06,27.06,36.95,37.29,4.78,11.3,16.080000000000002,1166.23,37.5,0.0,1166.23,37.5,0.0,0.01,0.0,0.9769,False
1780632905.3795023,archive_flood_airfield,archive_flood_airfield.mp4,30,50.0,640,480,combined,Flooded,deeplabv3plus,False,False,0,tensorrt,tensorrt,tensorrt,40.6,40.6,24.63,24.91,5.49,9.35,14.84,1166.2,33.3,0.0,1166.2,33.3,0.0,0.01,0.0,0.5718,False
1780632905.4032667,archive_flood_airfield,archive_flood_airfield.mp4,30,75.0,640,480,combined,Flooded,deeplabv3plus,False,False,0,tensorrt,tensorrt,tensorrt,48.95,48.95,20.43,20.69,4.28,7.63,11.91,1166.17,20.0,0.0,1166.17,20.0,0.0,0.01,0.0,0.498,False
1780632905.4237173,archive_flood_airfield,archive_flood_airfield.mp4,30,100.0,640,480,combined,Non-Flooded,deeplabv3plus,False,False,0,tensorrt,tensorrt,tensorrt,52.22,52.22,19.15,19.39,3.86,7.27,11.129999999999999,1166.14,25.0,0.0,1166.14,25.0,0.0,0.01,0.0,0.6497,False
1780632905.4566882,archive_flood_airfield,archive_flood_airfield.mp4,35,25.0,640,480,combined,Flooded,deeplabv3plus,False,False,0,tensorrt,tensorrt,tensorrt,36.58,36.58,27.34,27.64,4.92,10.7,15.62,1166.12,50.0,0.0,1166.12,50.0,0.0,0.01,0.0,0.9536,False
1780632905.479739,archive_flood_airfield,archive_flood_airfield.mp4,35,50.0,640,480,combined,Flooded,deeplabv3plus,False,False,0,tensorrt,tensorrt,tensorrt,46.32,46.32,21.59,21.86,4.32,8.2,12.52,1166.35,20.0,0.0,1166.35,20.0,0.0,0.01,0.0,0.5193,False
1780632905.5033877,archive_flood_airfield,archive_flood_airfield.mp4,35,75.0,640,480,combined,Flooded,deeplabv3plus,False,False,0,tensorrt,tensorrt,tensorrt,48.24,48.24,20.73,20.98,4.22,8.36,12.579999999999998,1166.33,16.7,0.0,1166.33,16.7,0.0,0.01,0.0,0.4129,False
1780632905.5297675,archive_flood_airfield,archive_flood_airfield.mp4,35,100.0,640,480,combined,Non-Flooded,deeplabv3plus,False,False,0,tensorrt,tensorrt,tensorrt,40.0,40.0,25.0,25.26,4.74,9.51,14.25,1166.3,29.4,0.0,1166.3,29.4,0.0,0.01,0.0,0.6381,False
1780632905.565766,archive_flood_airfield,archive_flood_airfield.mp4,40,25.0,640,480,combined,Flooded,deeplabv3plus,False,False,0,tensorrt,tensorrt,tensorrt,32.37,32.37,30.89,31.19,5.3,14.13,19.43,1166.29,36.4,0.0,1166.29,36.4,0.0,0.01,0.0,0.9448,False
1780632905.5920572,archive_flood_airfield,archive_flood_airfield.mp4,40,50.0,640,480,combined,Flooded,deeplabv3plus,False,False,0,tensorrt,tensorrt,tensorrt,40.26,40.26,24.84,25.12,5.63,9.14,14.77,1166.26,43.8,0.0,1166.26,43.8,0.0,0.01,0.0,0.5962,False
1780632905.6180818,archive_flood_airfield,archive_flood_airfield.mp4,40,75.0,640,480,combined,Flooded,deeplabv3plus,False,False,0,tensorrt,tensorrt,tensorrt,43.03,43.03,23.24,23.49,4.79,8.86,13.649999999999999,1166.25,26.7,0.0,1166.25,26.7,0.0,0.01,0.0,0.2703,False
1780632905.6580558,archive_flood_airfield,archive_flood_airfield.mp4,40,100.0,640,480,combined,Non-Flooded,deeplabv3plus,False,False,0,tensorrt,tensorrt,tensorrt,25.95,25.95,38.53,38.85,4.65,13.7,18.35,1166.25,34.8,0.0,1166.25,34.8,0.0,0.01,0.0,0.6294,False
1780632905.6886785,archive_flood_airfield,archive_flood_airfield.mp4,45,25.0,640,480,combined,Flooded,deeplabv3plus,False,False,0,tensorrt,tensorrt,tensorrt,41.34,41.34,24.19,24.48,5.05,9.32,14.370000000000001,1166.25,22.2,0.0,1166.25,22.2,0.0,0.01,0.0,0.9631,False
1780632905.7175064,archive_flood_airfield,archive_flood_airfield.mp4,45,50.0,640,480,combined,Flooded,deeplabv3plus,False,False,0,tensorrt,tensorrt,tensorrt,36.56,36.56,27.35,27.62,4.82,12.19,17.009999999999998,1166.25,23.5,0.0,1166.25,23.5,0.0,0.01,0.0,0.6543,False
1780632905.7607384,archive_flood_airfield,archive_flood_airfield.mp4,45,75.0,640,480,combined,Flooded,deeplabv3plus,False,False,0,tensorrt,tensorrt,tensorrt,25.13,25.13,39.79,40.09,5.08,14.08,19.16,1166.25,28.0,0.0,1166.25,28.0,0.0,0.01,0.0,0.2832,False
1780632905.7981887,archive_flood_airfield,archive_flood_airfield.mp4,45,100.0,640,480,combined,Non-Flooded,deeplabv3plus,False,False,0,tensorrt,tensorrt,tensorrt,27.87,27.87,35.88,36.19,5.36,13.1,18.46,1166.25,36.0,0.0,1166.25,36.0,0.0,0.01,0.0,0.6221,False
1780632905.830472,archive_flood_airfield,archive_flood_airfield.mp4,50,25.0,640,480,combined,Flooded,deeplabv3plus,False,False,0,tensorrt,tensorrt,tensorrt,37.86,37.86,26.41,26.74,5.11,9.71,14.82,1166.25,44.4,0.0,1166.25,44.4,0.0,0.01,0.0,0.931,False
1780632905.8695908,archive_flood_airfield,archive_flood_airfield.mp4,50,50.0,640,480,combined,Flooded,deeplabv3plus,False,False,0,tensorrt,tensorrt,tensorrt,27.12,27.12,36.87,37.26,8.05,16.85,24.900000000000002,1166.25,44.0,0.0,1166.25,44.0,0.0,0.01,0.0,0.5993,False
1780632905.8991375,archive_flood_airfield,archive_flood_airfield.mp4,50,75.0,640,480,combined,Flooded,deeplabv3plus,False,False,0,tensorrt,tensorrt,tensorrt,38.65,38.65,25.87,26.19,5.42,10.48,15.9,1166.25,47.1,0.0,1166.25,47.1,0.0,0.01,0.0,0.4779,False
1780632905.9273217,archive_flood_airfield,archive_flood_airfield.mp4,50,100.0,640,480,combined,Non-Flooded,deeplabv3plus,False,False,0,tensorrt,tensorrt,tensorrt,37.84,37.84,26.43,26.74,5.37,10.39,15.760000000000002,1166.24,35.3,0.0,1166.24,35.3,0.0,0.01,0.0,0.587,False
1780632905.9695659,archive_flood_airfield,archive_flood_airfield.mp4,55,25.0,640,480,combined,Flooded,deeplabv3plus,False,False,0,tensorrt,tensorrt,tensorrt,27.84,27.84,35.92,36.24,7.52,16.65,24.169999999999998,1166.24,56.0,0.0,1166.24,56.0,0.0,0.01,0.0,0.9375,False
1780632905.994439,archive_flood_airfield,archive_flood_airfield.mp4,55,50.0,640,480,combined,Flooded,deeplabv3plus,False,False,0,tensorrt,tensorrt,tensorrt,43.08,43.08,23.21,23.54,4.71,8.61,13.32,1166.24,46.7,0.0,1166.24,46.7,0.0,0.01,0.0,0.5143,False
1780632906.0210347,archive_flood_airfield,archive_flood_airfield.mp4,55,75.0,640,480,combined,Flooded,deeplabv3plus,False,False,0,tensorrt,tensorrt,tensorrt,44.6,44.6,22.42,22.74,4.7,8.73,13.43,1166.24,77.8,0.0,1166.24,77.8,0.0,0.01,0.0,0.3935,False
1780632906.0528336,archive_flood_airfield,archive_flood_airfield.mp4,55,100.0,640,480,combined,Non-Flooded,deeplabv3plus,False,False,0,tensorrt,tensorrt,tensorrt,33.18,33.18,30.14,30.44,3.92,8.02,11.94,1166.23,44.4,0.0,1166.23,44.4,0.0,0.01,0.0,0.698,False
1780632906.0790942,archive_flood_airfield,archive_flood_airfield.mp4,60,25.0,640,480,combined,Flooded,deeplabv3plus,False,False,0,tensorrt,tensorrt,tensorrt,47.01,47.01,21.27,21.55,4.33,8.09,12.42,1166.23,30.8,0.0,1166.23,30.8,0.0,0.01,0.0,0.9415,False
1780632906.1017892,archive_flood_airfield,archive_flood_airfield.mp4,60,50.0,640,480,combined,Non-Flooded,deeplabv3plus,False,False,0,tensorrt,tensorrt,tensorrt,47.24,47.24,21.17,21.43,4.08,8.38,12.46,1166.23,50.0,0.0,1166.23,50.0,0.0,0.01,0.0,0.5764,False
1780632906.1279016,archive_flood_airfield,archive_flood_airfield.mp4,60,75.0,640,480,combined,Flooded,deeplabv3plus,False,False,0,tensorrt,tensorrt,tensorrt,43.31,43.31,23.09,23.34,4.79,9.19,13.98,1166.23,33.3,0.0,1166.23,33.3,0.0,0.01,0.0,0.3221,False
1780632906.1692264,archive_flood_airfield,archive_flood_airfield.mp4,60,100.0,640,480,combined,Non-Flooded,deeplabv3plus,False,False,0,tensorrt,tensorrt,tensorrt,25.04,25.04,39.94,40.2,5.36,14.34,19.7,1166.23,38.5,0.0,1166.23,38.5,0.0,0.01,0.0,0.6789,False
1780632906.194857,archive_flood_airfield,archive_flood_airfield.mp4,65,25.0,640,480,combined,Flooded,deeplabv3plus,False,False,0,tensorrt,tensorrt,tensorrt,51.26,51.26,19.51,19.79,4.19,7.21,11.4,1166.23,26.7,0.0,1166.23,26.7,0.0,0.01,0.0,0.9196,False
1780632906.21509,archive_flood_airfield,archive_flood_airfield.mp4,65,50.0,640,480,combined,Non-Flooded,deeplabv3plus,False,False,0,tensorrt,tensorrt,tensorrt,53.11,53.11,18.83,19.07,3.74,7.14,10.879999999999999,1166.23,20.0,0.0,1166.23,20.0,0.0,0.01,0.0,0.5321,False
1780632906.2412336,archive_flood_airfield,archive_flood_airfield.mp4,65,75.0,640,480,combined,Flooded,deeplabv3plus,False,False,0,tensorrt,tensorrt,tensorrt,43.12,43.12,23.19,23.45,3.95,8.66,12.61,1166.23,33.3,0.0,1166.23,33.3,0.0,0.01,0.0,0.3653,False
1780632906.2668972,archive_flood_airfield,archive_flood_airfield.mp4,65,100.0,640,480,combined,Non-Flooded,deeplabv3plus,False,False,0,tensorrt,tensorrt,tensorrt,41.24,41.24,24.25,24.51,4.36,10.78,15.14,1166.23,55.6,0.0,1166.23,55.6,0.0,0.01,0.0,0.6675,False
1780632906.293874,archive_flood_airfield,archive_flood_airfield.mp4,70,25.0,640,480,combined,Non-Flooded,deeplabv3plus,False,False,0,tensorrt,tensorrt,tensorrt,46.36,46.36,21.57,21.84,4.6,8.08,12.68,1166.23,33.3,0.0,1166.23,33.3,0.0,0.01,0.0,0.9315,False
1780632906.3180294,archive_flood_airfield,archive_flood_airfield.mp4,70,50.0,640,480,combined,Flooded,deeplabv3plus,False,False,0,tensorrt,tensorrt,tensorrt,43.8,43.8,22.83,23.06,4.36,8.26,12.620000000000001,1166.23,21.4,0.0,1166.23,21.4,0.0,0.01,0.0,0.5502,False
1780632906.3491275,archive_flood_airfield,archive_flood_airfield.mp4,70,75.0,640,480,combined,Flooded,deeplabv3plus,False,False,0,tensorrt,tensorrt,tensorrt,35.61,35.61,28.08,28.36,4.32,8.41,12.73,1166.23,50.0,0.0,1166.23,50.0,0.0,0.01,0.0,0.4185,False
1780632906.373621,archive_flood_airfield,archive_flood_airfield.mp4,70,100.0,640,480,combined,Non-Flooded,deeplabv3plus,False,False,0,tensorrt,tensorrt,tensorrt,43.78,43.78,22.84,23.13,4.45,9.17,13.620000000000001,1166.23,21.4,0.0,1166.23,21.4,0.0,0.01,0.0,0.6519,False
1780632906.4030056,archive_flood_airfield,archive_flood_airfield.mp4,75,25.0,640,480,combined,Non-Flooded,deeplabv3plus,False,False,0,tensorrt,tensorrt,tensorrt,40.68,40.68,24.58,24.84,4.65,8.55,13.200000000000001,1166.23,33.3,0.0,1166.23,33.3,0.0,0.01,0.0,0.9721,False
1780632906.4301379,archive_flood_airfield,archive_flood_airfield.mp4,75,50.0,640,480,combined,Flooded,deeplabv3plus,False,False,0,tensorrt,tensorrt,tensorrt,39.08,39.08,25.59,25.92,5.76,8.94,14.7,1166.22,50.0,0.0,1166.22,50.0,0.0,0.01,0.0,0.6132,False
1780632906.462642,archive_flood_airfield,archive_flood_airfield.mp4,75,75.0,640,480,combined,Flooded,deeplabv3plus,False,False,0,tensorrt,tensorrt,tensorrt,34.09,34.09,29.33,29.59,4.52,10.81,15.33,1166.22,33.3,0.0,1166.22,33.3,0.0,0.01,0.0,0.5179,False
1780632906.48691,archive_flood_airfield,archive_flood_airfield.mp4,75,100.0,640,480,combined,Non-Flooded,deeplabv3plus,False,False,0,tensorrt,tensorrt,tensorrt,43.71,43.71,22.88,23.12,4.58,8.95,13.53,1166.22,28.6,0.0,1166.22,28.6,0.0,0.01,0.0,0.6817,False
1780632906.5144212,archive_flood_airfield,archive_flood_airfield.mp4,80,25.0,640,480,combined,Flooded,deeplabv3plus,False,False,0,tensorrt,tensorrt,tensorrt,44.4,44.4,22.52,22.81,4.68,8.54,13.219999999999999,1166.22,41.2,0.0,1166.22,41.2,0.0,0.01,0.0,0.9447,False
1780632906.5383217,archive_flood_airfield,archive_flood_airfield.mp4,80,50.0,640,480,combined,Flooded,deeplabv3plus,False,False,0,tensorrt,tensorrt,tensorrt,44.66,44.66,22.39,22.66,4.65,8.61,13.26,1166.21,31.3,0.0,1166.21,31.3,0.0,0.01,0.0,0.5088,False
1780632906.5652602,archive_flood_airfield,archive_flood_airfield.mp4,80,75.0,640,480,combined,Flooded,deeplabv3plus,False,False,0,tensorrt,tensorrt,tensorrt,42.27,42.27,23.66,23.93,4.57,11.15,15.72,1166.21,29.4,0.0,1166.21,29.4,0.0,0.01,0.0,0.4175,False
1780632906.588105,archive_flood_airfield,archive_flood_airfield.mp4,80,100.0,640,480,combined,Non-Flooded,deeplabv3plus,False,False,0,tensorrt,tensorrt,tensorrt,46.69,46.69,21.42,21.67,4.46,8.7,13.16,1166.21,38.5,0.0,1166.21,38.5,0.0,0.01,0.0,0.6066,False
1780632906.6141343,archive_flood_airfield,archive_flood_airfield.mp4,85,25.0,640,480,combined,Flooded,deeplabv3plus,False,False,0,tensorrt,tensorrt,tensorrt,46.79,46.79,21.37,21.64,4.33,8.15,12.48,1166.21,33.3,0.0,1166.21,33.3,0.0,0.01,0.0,0.9508,False
1780632906.6358771,archive_flood_airfield,archive_flood_airfield.mp4,85,50.0,640,480,combined,Flooded,deeplabv3plus,False,False,0,tensorrt,tensorrt,tensorrt,49.24,49.24,20.31,20.55,4.18,8.18,12.36,1166.21,33.3,0.0,1166.21,33.3,0.0,0.01,0.0,0.3604,False
1780632906.667129,archive_flood_airfield,archive_flood_airfield.mp4,85,75.0,640,480,combined,Flooded,deeplabv3plus,False,False,0,tensorrt,tensorrt,tensorrt,35.64,35.64,28.06,28.63,4.63,12.84,17.47,1166.21,47.4,0.0,1166.21,47.4,0.0,0.01,0.0,0.4463,False
1780632906.68929,archive_flood_airfield,archive_flood_airfield.mp4,85,100.0,640,480,combined,Non-Flooded,deeplabv3plus,False,False,0,tensorrt,tensorrt,tensorrt,48.36,48.36,20.68,20.94,4.32,8.44,12.76,1166.21,23.1,0.0,1166.21,23.1,0.0,0.01,0.0,0.5592,False
1780632906.715456,archive_flood_airfield,archive_flood_airfield.mp4,90,25.0,640,480,combined,Non-Flooded,deeplabv3plus,False,False,0,tensorrt,tensorrt,tensorrt,46.34,46.34,21.58,21.85,4.67,8.22,12.89,1166.21,26.7,0.0,1166.21,26.7,0.0,0.01,0.0,0.9413,False
1780632906.7470245,archive_flood_airfield,archive_flood_airfield.mp4,90,50.0,640,480,combined,Flooded,deeplabv3plus,False,False,0,tensorrt,tensorrt,tensorrt,33.34,33.34,29.99,30.29,4.24,10.72,14.96,1166.21,36.8,0.0,1166.21,36.8,0.0,0.01,0.0,0.6085,False
1780632906.7743256,archive_flood_airfield,archive_flood_airfield.mp4,90,75.0,640,480,combined,Flooded,deeplabv3plus,False,False,0,tensorrt,tensorrt,tensorrt,43.37,43.37,23.06,23.35,6.09,8.41,14.5,1166.21,25.0,0.0,1166.21,25.0,0.0,0.01,0.0,0.4412,False
1780632906.7958515,archive_flood_airfield,archive_flood_airfield.mp4,90,100.0,640,480,combined,Non-Flooded,deeplabv3plus,False,False,0,tensorrt,tensorrt,tensorrt,49.65,49.65,20.14,20.4,4.28,8.11,12.39,1166.21,28.6,0.0,1166.21,28.6,0.0,0.01,0.0,0.6056,False
1780632906.822933,archive_flood_airfield,archive_flood_airfield.mp4,95,25.0,640,480,combined,Flooded,deeplabv3plus,False,False,0,tensorrt,tensorrt,tensorrt,45.96,45.96,21.76,22.01,4.64,8.29,12.93,1166.21,26.7,0.0,1166.21,26.7,0.0,0.01,0.0,0.9534,False
1780632906.8542051,archive_flood_airfield,archive_flood_airfield.mp4,95,50.0,640,480,combined,Flooded,deeplabv3plus,False,False,0,tensorrt,tensorrt,tensorrt,33.55,33.55,29.81,30.15,4.03,8.01,12.04,1166.21,50.0,0.0,1166.21,50.0,0.0,0.01,0.0,0.4728,False
1780632906.876403,archive_flood_airfield,archive_flood_airfield.mp4,95,75.0,640,480,combined,Flooded,deeplabv3plus,False,False,0,tensorrt,tensorrt,tensorrt,51.31,51.31,19.49,19.74,3.96,7.75,11.71,1166.21,15.4,0.0,1166.21,15.4,0.0,0.01,0.0,0.4055,False
1780632906.8988478,archive_flood_airfield,archive_flood_airfield.mp4,95,100.0,640,480,combined,Non-Flooded,deeplabv3plus,False,False,0,tensorrt,tensorrt,tensorrt,47.17,47.17,21.2,21.42,4.06,9.45,13.509999999999998,1166.21,16.7,0.0,1166.21,16.7,0.0,0.01,0.0,0.6494,False
1780632906.9248114,archive_flood_airfield,archive_flood_airfield.mp4,100,25.0,640,480,combined,Non-Flooded,deeplabv3plus,False,False,0,tensorrt,tensorrt,tensorrt,47.06,47.06,21.25,21.54,4.49,8.18,12.67,1166.2,37.5,0.0,1166.2,37.5,0.0,0.01,0.0,0.9547,False
1780632906.9561415,archive_flood_airfield,archive_flood_airfield.mp4,100,50.0,640,480,combined,Non-Flooded,deeplabv3plus,False,False,0,tensorrt,tensorrt,tensorrt,33.96,33.96,29.45,29.88,4.03,7.83,11.86,1166.2,23.5,0.0,1166.2,23.5,0.0,0.01,0.0,0.4839,False
1780632906.9807792,archive_flood_airfield,archive_flood_airfield.mp4,100,75.0,640,480,combined,Non-Flooded,deeplabv3plus,False,False,0,tensorrt,tensorrt,tensorrt,48.78,48.78,20.5,20.8,4.16,7.98,12.14,1166.2,33.3,0.0,1166.2,33.3,0.0,0.01,0.0,0.3665,False
1780632907.002394,archive_flood_airfield,archive_flood_airfield.mp4,100,100.0,640,480,combined,Non-Flooded,deeplabv3plus,False,False,0,tensorrt,tensorrt,tensorrt,49.55,49.55,20.18,20.49,4.2,8.03,12.23,1166.2,15.4,0.0,1166.2,15.4,0.0,0.01,0.0,0.6656,False
1780632907.0305278,archive_flood_airfield,archive_flood_airfield.mp4,105,25.0,640,480,combined,Non-Flooded,deeplabv3plus,False,False,0,tensorrt,tensorrt,tensorrt,41.63,41.63,24.02,24.28,4.58,8.07,12.65,1166.2,29.4,0.0,1166.2,29.4,0.0,0.01,0.0,0.9665,False
1780632907.0623558,archive_flood_airfield,archive_flood_airfield.mp4,105,50.0,640,480,combined,Non-Flooded,deeplabv3plus,False,False,0,tensorrt,tensorrt,tensorrt,32.97,32.97,30.33,30.6,4.69,7.95,12.64,1166.2,50.0,0.0,1166.2,50.0,0.0,0.01,0.0,0.4593,False
1780632907.0858614,archive_flood_airfield,archive_flood_airfield.mp4,105,75.0,640,480,combined,Non-Flooded,deeplabv3plus,False,False,0,tensorrt,tensorrt,tensorrt,48.36,48.36,20.68,20.94,4.22,7.93,12.149999999999999,1166.2,23.1,0.0,1166.2,23.1,0.0,0.01,0.0,0.4733,False
1780632907.1093044,archive_flood_airfield,archive_flood_airfield.mp4,105,100.0,640,480,combined,Non-Flooded,deeplabv3plus,False,False,0,tensorrt,tensorrt,tensorrt,44.94,44.94,22.25,22.47,4.01,7.72,11.73,1166.2,20.0,0.0,1166.2,20.0,0.0,0.01,0.0,0.6189,False
1780632907.1338742,archive_flood_airfield,archive_flood_airfield.mp4,110,25.0,640,480,combined,Non-Flooded,deeplabv3plus,False,False,0,tensorrt,tensorrt,tensorrt,49.36,49.36,20.26,20.52,4.27,8.15,12.42,1166.2,40.0,0.0,1166.2,40.0,0.0,0.01,0.0,0.9396,False
1780632907.1674297,archive_flood_airfield,archive_flood_airfield.mp4,110,50.0,640,480,combined,Non-Flooded,deeplabv3plus,False,False,0,tensorrt,tensorrt,tensorrt,31.05,31.05,32.21,32.47,4.12,11.34,15.46,1166.2,25.0,0.0,1166.2,25.0,0.0,0.01,0.0,0.2837,False
1780632907.1928988,archive_flood_airfield,archive_flood_airfield.mp4,110,75.0,640,480,combined,Non-Flooded,deeplabv3plus,False,False,0,tensorrt,tensorrt,tensorrt,44.48,44.48,22.48,22.74,4.58,8.46,13.040000000000001,1166.2,33.3,0.0,1166.2,33.3,0.0,0.01,0.0,0.4317,False
1780632907.215153,archive_flood_airfield,archive_flood_airfield.mp4,110,100.0,640,480,combined,Non-Flooded,deeplabv3plus,False,False,0,tensorrt,tensorrt,tensorrt,47.98,47.98,20.84,21.1,4.28,8.19,12.469999999999999,1166.2,16.7,0.0,1166.2,16.7,0.0,0.01,0.0,0.6042,False
1780632907.239469,archive_flood_airfield,archive_flood_airfield.mp4,115,25.0,640,480,combined,Non-Flooded,deeplabv3plus,False,False,0,tensorrt,tensorrt,tensorrt,50.25,50.25,19.9,20.17,4.25,7.61,11.86,1166.2,26.7,0.0,1166.2,26.7,0.0,0.01,0.0,0.9591,False
1780632907.2710268,archive_flood_airfield,archive_flood_airfield.mp4,115,50.0,640,480,combined,Non-Flooded,deeplabv3plus,False,False,0,tensorrt,tensorrt,tensorrt,33.23,33.23,30.09,30.36,6.16,10.56,16.72,1166.2,42.1,0.0,1166.2,42.1,0.0,0.01,0.0,0.4214,False
1780632907.2942142,archive_flood_airfield,archive_flood_airfield.mp4,115,75.0,640,480,combined,Non-Flooded,deeplabv3plus,False,False,0,tensorrt,tensorrt,tensorrt,49.09,49.09,20.37,20.65,4.38,8.51,12.89,1166.2,30.8,0.0,1166.2,30.8,0.0,0.01,0.0,0.3935,False
1780632907.316981,archive_flood_airfield,archive_flood_airfield.mp4,115,100.0,640,480,combined,Non-Flooded,deeplabv3plus,False,False,0,tensorrt,tensorrt,tensorrt,46.45,46.45,21.53,21.75,3.82,7.54,11.36,1166.19,21.4,0.0,1166.19,21.4,0.0,0.01,0.0,0.608,False
1780632907.3405743,archive_flood_airfield,archive_flood_airfield.mp4,120,25.0,640,480,combined,Non-Flooded,deeplabv3plus,False,False,0,tensorrt,tensorrt,tensorrt,50.81,50.81,19.68,19.94,4.23,8.01,12.24,1166.19,52.9,0.0,1166.19,52.9,0.0,0.01,0.0,0.9589,False
1780632907.371533,archive_flood_airfield,archive_flood_airfield.mp4,120,50.0,640,480,combined,Non-Flooded,deeplabv3plus,False,False,0,tensorrt,tensorrt,tensorrt,33.78,33.78,29.6,29.86,4.15,10.83,14.98,1166.19,17.6,0.0,1166.19,17.6,0.0,0.01,0.0,0.4892,False
1780632907.3947525,archive_flood_airfield,archive_flood_airfield.mp4,120,75.0,640,480,combined,Non-Flooded,deeplabv3plus,False,False,0,tensorrt,tensorrt,tensorrt,49.14,49.14,20.35,20.61,4.24,8.32,12.56,1166.19,28.6,0.0,1166.19,28.6,0.0,0.01,0.0,0.347,False
1780632907.417175,archive_flood_airfield,archive_flood_airfield.mp4,120,100.0,640,480,combined,Non-Flooded,deeplabv3plus,False,False,0,tensorrt,tensorrt,tensorrt,47.6,47.6,21.01,21.25,4.32,8.15,12.47,1166.19,25.0,0.0,1166.19,25.0,0.0,0.01,0.0,0.5887,False
1780632907.4413393,archive_flood_airfield,archive_flood_airfield.mp4,125,25.0,640,480,combined,Non-Flooded,deeplabv3plus,False,False,0,tensorrt,tensorrt,tensorrt,48.69,48.69,20.54,20.79,4.34,7.92,12.26,1166.19,21.4,0.0,1166.19,21.4,0.0,0.01,0.0,0.6319,False
1780632907.4726982,archive_flood_airfield,archive_flood_airfield.mp4,125,50.0,640,480,combined,Non-Flooded,deeplabv3plus,False,False,0,tensorrt,tensorrt,tensorrt,33.34,33.34,29.99,30.25,5.82,10.24,16.060000000000002,1166.18,40.0,0.0,1166.18,40.0,0.0,0.01,0.0,0.4224,False
1780632907.4947999,archive_flood_airfield,archive_flood_airfield.mp4,125,75.0,640,480,combined,Non-Flooded,deeplabv3plus,False,False,0,tensorrt,tensorrt,tensorrt,51.68,51.68,19.35,19.6,3.96,7.73,11.690000000000001,1166.18,25.0,0.0,1166.18,25.0,0.0,0.01,0.0,0.5419,False
1780632907.515264,archive_flood_airfield,archive_flood_airfield.mp4,125,100.0,640,480,combined,Non-Flooded,deeplabv3plus,False,False,0,tensorrt,tensorrt,tensorrt,52.36,52.36,19.1,19.34,4.02,7.67,11.69,1166.18,23.1,0.0,1166.18,23.1,0.0,0.01,0.0,0.7739,False
1780632907.5406413,archive_flood_airfield,archive_flood_airfield.mp4,130,25.0,640,480,combined,Non-Flooded,deeplabv3plus,False,False,0,tensorrt,tensorrt,tensorrt,48.08,48.08,20.8,21.07,4.25,7.84,12.09,1166.18,40.0,0.0,1166.18,40.0,0.0,0.01,0.0,0.5353,False
1780632907.5721323,archive_flood_airfield,archive_flood_airfield.mp4,130,50.0,640,480,combined,Non-Flooded,deeplabv3plus,False,False,0,tensorrt,tensorrt,tensorrt,33.32,33.32,30.01,30.28,5.13,10.36,15.489999999999998,1166.18,17.6,0.0,1166.18,17.6,0.0,0.01,0.0,0.4366,False
1780632907.6006846,archive_flood_airfield,archive_flood_airfield.mp4,130,75.0,640,480,combined,Non-Flooded,deeplabv3plus,False,False,0,tensorrt,tensorrt,tensorrt,38.9,38.9,25.71,26.01,4.04,8.3,12.34,1166.18,31.6,0.0,1166.18,31.6,0.0,0.01,0.0,0.3951,False
1780632907.62264,archive_flood_airfield,archive_flood_airfield.mp4,130,100.0,640,480,combined,Non-Flooded,deeplabv3plus,False,False,0,tensorrt,tensorrt,tensorrt,48.66,48.66,20.55,20.82,4.28,8.33,12.61,1166.18,30.8,0.0,1166.18,30.8,0.0,0.01,0.0,0.7727,False
