timestamp,video_id,video_name,frame_idx,sim_altitude_m,input_width,input_height,mode,active_tool,classification_label,primary_model,model_switch_occurred,segmentation_skipped,human_count,clf_backend,seg_backend,human_backend,fps,instant_fps,total_inference_ms,total_latency_ms,classification_ms,segmentation_ms,model_switch_latency_ms,memory_mb,cpu_percent,power_w,peak_memory_mb,peak_cpu_percent,peak_power_w,clf_load_ms,seg_load_ms,human_load_ms,model_load_total_ms,flood_ratio,warmup,session_first_frame
1780910348.9981978,youtube_cal_oes_flood_prep_75c45a,youtube_cal_oes_flood_prep_75c45a.mp4,0,50.0,640,480,combined,detect_combined,Non-Flooded,resnet18,False,False,1,tensorrt,tensorrt,tensorrt,15.26,15.26,63.32,65.52,7.21,16.34,23.55,1482.55,58.0,9.83,1482.55,58.0,11.21,31.15,73.22,1.32,105.69,0.1659,False,True
1780910349.0701342,youtube_cal_oes_flood_prep_75c45a,youtube_cal_oes_flood_prep_75c45a.mp4,1,50.0,640,480,combined,detect_combined,Non-Flooded,resnet18,False,False,1,tensorrt,tensorrt,tensorrt,22.84,22.84,42.83,43.78,6.58,9.11,15.69,1482.57,72.7,9.83,1482.57,72.7,11.21,31.15,73.22,1.32,105.69,0.1566,False,False
1780910349.168059,youtube_cal_oes_flood_prep_75c45a,youtube_cal_oes_flood_prep_75c45a.mp4,2,50.0,640,480,combined,detect_combined,Non-Flooded,resnet18,False,False,1,tensorrt,tensorrt,tensorrt,14.93,14.93,65.74,67.0,10.24,26.99,37.23,1482.83,58.9,9.83,1482.83,58.9,11.21,31.15,73.22,1.32,105.69,0.1597,False,False
1780910349.2579765,youtube_cal_oes_flood_prep_75c45a,youtube_cal_oes_flood_prep_75c45a.mp4,3,50.0,640,480,combined,detect_combined,Non-Flooded,resnet18,False,False,1,tensorrt,tensorrt,tensorrt,18.2,18.2,53.79,54.95,5.02,20.7,25.72,1482.83,64.7,9.83,1482.83,64.7,11.21,31.15,73.22,1.32,105.69,0.1411,False,False
1780910349.3439634,youtube_cal_oes_flood_prep_75c45a,youtube_cal_oes_flood_prep_75c45a.mp4,4,50.0,640,480,combined,detect_combined,Non-Flooded,resnet18,False,False,1,tensorrt,tensorrt,tensorrt,17.71,17.71,55.35,56.47,7.17,12.78,19.95,1482.82,60.4,9.83,1482.82,60.4,11.21,31.15,73.22,1.32,105.69,0.1132,False,False
1780910349.4133453,youtube_cal_oes_flood_prep_75c45a,youtube_cal_oes_flood_prep_75c45a.mp4,5,50.0,640,480,combined,detect_combined,Non-Flooded,resnet18,False,False,1,tensorrt,tensorrt,tensorrt,28.59,28.59,34.15,34.98,6.31,11.9,18.21,1482.82,31.7,10.75,1482.82,31.7,11.21,31.15,73.22,1.32,105.69,0.1416,False,False
1780910349.4914987,youtube_cal_oes_flood_prep_75c45a,youtube_cal_oes_flood_prep_75c45a.mp4,6,50.0,640,480,combined,detect_combined,Non-Flooded,resnet18,False,False,1,tensorrt,tensorrt,tensorrt,23.04,23.04,42.43,43.4,5.07,11.08,16.15,1482.82,25.6,10.75,1482.82,25.6,11.21,31.15,73.22,1.32,105.69,0.1425,False,False
1780910349.5595849,youtube_cal_oes_flood_prep_75c45a,youtube_cal_oes_flood_prep_75c45a.mp4,7,50.0,640,480,combined,detect_combined,Non-Flooded,resnet18,False,False,1,tensorrt,tensorrt,tensorrt,30.15,30.15,32.23,33.17,6.97,11.93,18.9,1482.82,25.6,10.75,1482.82,25.6,11.21,31.15,73.22,1.32,105.69,0.1342,False,False
1780910349.6342852,youtube_cal_oes_flood_prep_75c45a,youtube_cal_oes_flood_prep_75c45a.mp4,8,50.0,640,480,combined,detect_combined,Non-Flooded,resnet18,False,False,1,tensorrt,tensorrt,tensorrt,25.4,25.4,38.54,39.38,6.69,9.65,16.34,1483.08,33.3,10.75,1483.08,33.3,11.21,31.15,73.22,1.32,105.69,0.1382,False,False
1780910349.7213042,youtube_cal_oes_flood_prep_75c45a,youtube_cal_oes_flood_prep_75c45a.mp4,9,50.0,640,480,combined,detect_combined,Non-Flooded,resnet18,False,False,1,tensorrt,tensorrt,tensorrt,21.99,21.99,44.65,45.49,8.98,18.23,27.21,1483.08,32.0,10.75,1483.08,32.0,11.21,31.15,73.22,1.32,105.69,0.1412,False,False
1780910349.8096359,youtube_cal_oes_flood_prep_75c45a,youtube_cal_oes_flood_prep_75c45a.mp4,10,50.0,640,480,combined,detect_combined,Non-Flooded,resnet18,False,False,1,tensorrt,tensorrt,tensorrt,21.19,21.19,45.76,47.2,6.43,17.85,24.28,1483.07,28.0,10.75,1483.07,28.0,11.21,31.15,73.22,1.32,105.69,0.1218,False,False
1780910349.9012058,youtube_cal_oes_flood_prep_75c45a,youtube_cal_oes_flood_prep_75c45a.mp4,11,50.0,640,480,combined,detect_combined,Non-Flooded,resnet18,False,False,1,tensorrt,tensorrt,tensorrt,20.52,20.52,47.36,48.74,7.26,17.69,24.950000000000003,1483.07,33.9,10.75,1483.07,33.9,11.21,31.15,73.22,1.32,105.69,0.1029,False,False
1780910349.990186,youtube_cal_oes_flood_prep_75c45a,youtube_cal_oes_flood_prep_75c45a.mp4,12,50.0,640,480,combined,detect_combined,Non-Flooded,resnet18,False,False,1,tensorrt,tensorrt,tensorrt,23.16,23.16,41.85,43.18,6.12,19.22,25.34,1483.07,28.8,8.92,1483.07,28.8,11.21,31.15,73.22,1.32,105.69,0.088,False,False
1780910350.0937662,youtube_cal_oes_flood_prep_75c45a,youtube_cal_oes_flood_prep_75c45a.mp4,13,50.0,640,480,combined,detect_combined,Non-Flooded,resnet18,False,False,1,tensorrt,tensorrt,tensorrt,17.44,17.44,56.48,57.35,9.34,19.29,28.63,1483.07,40.0,8.92,1483.07,40.0,11.21,31.15,73.22,1.32,105.69,0.0993,False,False
1780910350.168945,youtube_cal_oes_flood_prep_75c45a,youtube_cal_oes_flood_prep_75c45a.mp4,14,50.0,640,480,combined,detect_combined,Non-Flooded,resnet18,False,False,1,tensorrt,tensorrt,tensorrt,22.34,22.34,43.85,44.76,5.8,11.3,17.1,1483.07,41.9,8.92,1483.07,41.9,11.21,31.15,73.22,1.32,105.69,0.1014,False,False
1780910350.2511346,youtube_cal_oes_flood_prep_75c45a,youtube_cal_oes_flood_prep_75c45a.mp4,15,50.0,640,480,combined,detect_combined,Non-Flooded,resnet18,False,False,1,tensorrt,tensorrt,tensorrt,18.53,18.53,52.96,53.98,6.78,12.04,18.82,1483.07,44.2,8.92,1483.07,44.2,11.21,31.15,73.22,1.32,105.69,0.1169,False,False
1780910350.3344467,youtube_cal_oes_flood_prep_75c45a,youtube_cal_oes_flood_prep_75c45a.mp4,16,50.0,640,480,combined,detect_combined,Non-Flooded,resnet18,False,False,1,tensorrt,tensorrt,tensorrt,18.52,18.52,53.18,54.0,4.73,18.42,23.150000000000002,1483.07,47.9,8.92,1483.07,47.9,11.21,31.15,73.22,1.32,105.69,0.1181,False,False
1780910350.4008374,youtube_cal_oes_flood_prep_75c45a,youtube_cal_oes_flood_prep_75c45a.mp4,17,50.0,640,480,combined,detect_combined,Non-Flooded,resnet18,False,False,1,tensorrt,tensorrt,tensorrt,26.54,26.54,36.74,37.68,4.04,9.68,13.719999999999999,1483.07,65.8,8.92,1483.07,65.8,11.21,31.15,73.22,1.32,105.69,0.112,False,False
1780910350.4754949,youtube_cal_oes_flood_prep_75c45a,youtube_cal_oes_flood_prep_75c45a.mp4,18,50.0,640,480,combined,detect_combined,Non-Flooded,resnet18,False,False,1,tensorrt,tensorrt,tensorrt,21.95,21.95,44.41,45.56,5.2,18.28,23.48,1483.07,62.8,8.92,1483.07,62.8,11.21,31.15,73.22,1.32,105.69,0.0707,False,False
1780910350.5433457,youtube_cal_oes_flood_prep_75c45a,youtube_cal_oes_flood_prep_75c45a.mp4,19,50.0,640,480,combined,detect_combined,Non-Flooded,resnet18,False,False,1,tensorrt,tensorrt,tensorrt,25.82,25.82,37.78,38.73,4.96,9.84,14.8,1483.07,53.8,10.29,1483.07,53.8,11.21,31.15,73.22,1.32,105.69,0.0965,False,False
1780910350.6107416,youtube_cal_oes_flood_prep_75c45a,youtube_cal_oes_flood_prep_75c45a.mp4,20,50.0,640,480,combined,detect_combined,Non-Flooded,resnet18,False,False,1,tensorrt,tensorrt,tensorrt,25.88,25.88,37.56,38.64,6.02,10.37,16.39,1483.07,55.3,10.29,1483.07,55.3,11.21,31.15,73.22,1.32,105.69,0.0911,False,False
1780910350.6773994,youtube_cal_oes_flood_prep_75c45a,youtube_cal_oes_flood_prep_75c45a.mp4,21,50.0,640,480,combined,detect_combined,Non-Flooded,resnet18,False,False,1,tensorrt,tensorrt,tensorrt,26.17,26.17,37.4,38.21,5.21,9.05,14.260000000000002,1483.06,33.3,10.29,1483.06,33.3,11.21,31.15,73.22,1.32,105.69,0.0393,False,False
1780910350.7585177,youtube_cal_oes_flood_prep_75c45a,youtube_cal_oes_flood_prep_75c45a.mp4,22,50.0,640,480,combined,detect_combined,Non-Flooded,resnet18,False,False,1,tensorrt,tensorrt,tensorrt,23.61,23.61,41.13,42.36,5.19,11.86,17.05,1483.06,37.5,10.29,1483.06,37.5,11.21,31.15,73.22,1.32,105.69,0.0324,False,False
1780910350.8277085,youtube_cal_oes_flood_prep_75c45a,youtube_cal_oes_flood_prep_75c45a.mp4,23,50.0,640,480,combined,detect_combined,Non-Flooded,resnet18,False,False,1,tensorrt,tensorrt,tensorrt,25.85,25.85,37.73,38.69,5.51,10.3,15.81,1483.06,48.8,10.29,1483.06,48.8,11.21,31.15,73.22,1.32,105.69,0.0212,False,False
1780910350.9192348,youtube_cal_oes_flood_prep_75c45a,youtube_cal_oes_flood_prep_75c45a.mp4,24,50.0,640,480,combined,detect_combined,Non-Flooded,resnet18,False,False,1,tensorrt,tensorrt,tensorrt,16.02,16.02,60.44,62.41,10.43,20.17,30.6,1483.55,54.7,10.29,1483.55,54.7,11.21,31.15,73.22,1.32,105.69,0.0364,False,False
1780910350.981834,youtube_cal_oes_flood_prep_75c45a,youtube_cal_oes_flood_prep_75c45a.mp4,25,50.0,640,480,combined,detect_combined,Non-Flooded,resnet18,False,False,1,tensorrt,tensorrt,tensorrt,27.36,27.36,35.5,36.54,4.55,8.68,13.23,1483.55,43.9,10.29,1483.55,43.9,11.21,31.15,73.22,1.32,105.69,0.0374,False,False
1780910351.063434,youtube_cal_oes_flood_prep_75c45a,youtube_cal_oes_flood_prep_75c45a.mp4,26,50.0,640,480,combined,detect_combined,Non-Flooded,resnet18,False,False,1,tensorrt,tensorrt,tensorrt,21.67,21.67,44.98,46.14,5.28,13.53,18.81,1483.55,40.0,10.29,1483.55,40.0,11.21,31.15,73.22,1.32,105.69,0.0439,False,False
1780910351.1431866,youtube_cal_oes_flood_prep_75c45a,youtube_cal_oes_flood_prep_75c45a.mp4,27,50.0,640,480,combined,detect_combined,Non-Flooded,resnet18,False,False,1,tensorrt,tensorrt,tensorrt,22.3,22.3,43.99,44.84,6.39,14.96,21.35,1483.55,39.1,9.99,1483.55,39.1,11.21,31.15,73.22,1.32,105.69,0.0428,False,False
1780910351.2235022,youtube_cal_oes_flood_prep_75c45a,youtube_cal_oes_flood_prep_75c45a.mp4,28,50.0,640,480,combined,detect_combined,Non-Flooded,resnet18,False,False,1,tensorrt,tensorrt,tensorrt,23.55,23.55,41.28,42.47,5.03,10.0,15.030000000000001,1483.55,32.6,9.99,1483.55,32.6,11.21,31.15,73.22,1.32,105.69,0.0385,False,False
1780910351.298428,youtube_cal_oes_flood_prep_75c45a,youtube_cal_oes_flood_prep_75c45a.mp4,29,50.0,640,480,combined,detect_combined,Non-Flooded,resnet18,False,False,1,tensorrt,tensorrt,tensorrt,23.47,23.47,41.38,42.62,4.98,10.47,15.450000000000001,1483.55,41.3,9.99,1483.55,41.3,11.21,31.15,73.22,1.32,105.69,0.0426,False,False
1780910351.3790681,youtube_cal_oes_flood_prep_75c45a,youtube_cal_oes_flood_prep_75c45a.mp4,30,50.0,640,480,combined,detect_combined,Non-Flooded,resnet18,False,False,1,tensorrt,tensorrt,tensorrt,21.92,21.92,44.4,45.63,7.86,13.91,21.77,1483.55,44.7,9.99,1483.55,44.7,11.21,31.15,73.22,1.32,105.69,0.0686,False,False
1780910351.4642963,youtube_cal_oes_flood_prep_75c45a,youtube_cal_oes_flood_prep_75c45a.mp4,31,50.0,640,480,combined,detect_combined,Non-Flooded,resnet18,False,False,1,tensorrt,tensorrt,tensorrt,21.48,21.48,45.28,46.55,7.87,14.52,22.39,1483.55,36.7,9.99,1483.55,36.7,11.21,31.15,73.22,1.32,105.69,0.0646,False,False
1780910351.547292,youtube_cal_oes_flood_prep_75c45a,youtube_cal_oes_flood_prep_75c45a.mp4,32,50.0,640,480,combined,detect_combined,Non-Flooded,resnet18,False,False,1,tensorrt,tensorrt,tensorrt,22.94,22.94,42.33,43.59,8.44,12.91,21.35,1483.55,32.7,9.99,1483.55,32.7,11.21,31.15,73.22,1.32,105.69,0.0615,False,False
1780910351.6297815,youtube_cal_oes_flood_prep_75c45a,youtube_cal_oes_flood_prep_75c45a.mp4,33,50.0,640,480,combined,detect_combined,Non-Flooded,resnet18,False,False,1,tensorrt,tensorrt,tensorrt,26.6,26.6,36.28,37.59,8.28,14.8,23.08,1483.55,36.0,9.99,1483.55,36.0,11.21,31.15,73.22,1.32,105.69,0.0684,False,False
1780910351.7134871,youtube_cal_oes_flood_prep_75c45a,youtube_cal_oes_flood_prep_75c45a.mp4,34,50.0,640,480,combined,detect_combined,Non-Flooded,resnet18,False,False,1,tensorrt,tensorrt,tensorrt,20.91,20.91,46.87,47.81,7.68,15.71,23.39,1483.55,50.0,9.07,1483.55,50.0,11.21,31.15,73.22,1.32,105.69,0.0651,False,False
1780910351.7999752,youtube_cal_oes_flood_prep_75c45a,youtube_cal_oes_flood_prep_75c45a.mp4,35,50.0,640,480,combined,detect_combined,Non-Flooded,resnet18,False,False,1,tensorrt,tensorrt,tensorrt,20.31,20.31,48.2,49.24,12.32,15.93,28.25,1483.55,49.1,9.07,1483.55,49.1,11.21,31.15,73.22,1.32,105.69,0.0538,False,False
1780910351.8748324,youtube_cal_oes_flood_prep_75c45a,youtube_cal_oes_flood_prep_75c45a.mp4,36,50.0,640,480,combined,detect_combined,Non-Flooded,resnet18,False,False,1,tensorrt,tensorrt,tensorrt,26.3,26.3,37.21,38.03,6.64,12.29,18.93,1483.55,44.2,9.07,1483.55,44.2,11.21,31.15,73.22,1.32,105.69,0.0577,False,False
1780910351.9600003,youtube_cal_oes_flood_prep_75c45a,youtube_cal_oes_flood_prep_75c45a.mp4,37,50.0,640,480,combined,detect_combined,Non-Flooded,resnet18,False,False,1,tensorrt,tensorrt,tensorrt,20.49,20.49,47.54,48.81,5.69,16.62,22.310000000000002,1483.55,50.0,9.07,1483.55,50.0,11.21,31.15,73.22,1.32,105.69,0.0745,False,False
1780910352.04702,youtube_cal_oes_flood_prep_75c45a,youtube_cal_oes_flood_prep_75c45a.mp4,38,50.0,640,480,combined,detect_combined,Non-Flooded,resnet18,False,False,1,tensorrt,tensorrt,tensorrt,18.18,18.18,53.62,55.01,5.25,11.91,17.16,1483.55,46.2,9.07,1483.55,46.2,11.21,31.15,73.22,1.32,105.69,0.081,False,False
1780910352.12965,youtube_cal_oes_flood_prep_75c45a,youtube_cal_oes_flood_prep_75c45a.mp4,39,50.0,640,480,combined,detect_combined,Non-Flooded,resnet18,False,False,1,tensorrt,tensorrt,tensorrt,19.88,19.88,49.06,50.29,5.54,10.42,15.96,1483.54,38.8,9.07,1483.54,38.8,11.21,31.15,73.22,1.32,105.69,0.071,False,False
1780910352.2034678,youtube_cal_oes_flood_prep_75c45a,youtube_cal_oes_flood_prep_75c45a.mp4,40,50.0,640,480,combined,detect_combined,Non-Flooded,resnet18,False,False,1,tensorrt,tensorrt,tensorrt,24.14,24.14,40.24,41.42,5.36,9.96,15.32,1483.54,37.8,9.07,1483.54,37.8,11.21,31.15,73.22,1.32,105.69,0.061,False,False
1780910352.2968159,youtube_cal_oes_flood_prep_75c45a,youtube_cal_oes_flood_prep_75c45a.mp4,41,50.0,640,480,combined,detect_combined,Non-Flooded,resnet18,False,False,1,tensorrt,tensorrt,tensorrt,19.53,19.53,49.93,51.21,5.72,17.04,22.759999999999998,1483.54,35.2,8.92,1483.54,35.2,11.21,31.15,73.22,1.32,105.69,0.0591,False,False
1780910352.3820243,youtube_cal_oes_flood_prep_75c45a,youtube_cal_oes_flood_prep_75c45a.mp4,42,50.0,640,480,combined,detect_combined,Non-Flooded,resnet18,False,False,1,tensorrt,tensorrt,tensorrt,22.33,22.33,43.48,44.78,7.3,16.39,23.69,1483.54,35.4,8.92,1483.54,35.4,11.21,31.15,73.22,1.32,105.69,0.073,False,False
1780910352.475968,youtube_cal_oes_flood_prep_75c45a,youtube_cal_oes_flood_prep_75c45a.mp4,43,50.0,640,480,combined,detect_combined,Non-Flooded,resnet18,False,False,1,tensorrt,tensorrt,tensorrt,18.75,18.75,52.0,53.33,9.17,19.92,29.090000000000003,1483.8,44.8,8.92,1483.8,44.8,11.21,31.15,73.22,1.32,105.69,0.1053,False,False
1780910352.560304,youtube_cal_oes_flood_prep_75c45a,youtube_cal_oes_flood_prep_75c45a.mp4,44,50.0,640,480,combined,detect_combined,Non-Flooded,resnet18,False,False,1,tensorrt,tensorrt,tensorrt,20.56,20.56,47.8,48.65,6.28,11.08,17.36,1483.8,41.7,8.92,1483.8,41.7,11.21,31.15,73.22,1.32,105.69,0.1,False,False
1780910352.6398118,youtube_cal_oes_flood_prep_75c45a,youtube_cal_oes_flood_prep_75c45a.mp4,45,50.0,640,480,combined,detect_combined,Non-Flooded,resnet18,False,False,1,tensorrt,tensorrt,tensorrt,23.08,23.08,42.28,43.33,7.87,14.12,21.99,1483.8,53.2,8.92,1483.8,53.2,11.21,31.15,73.22,1.32,105.69,0.11,False,False
1780910352.7091274,youtube_cal_oes_flood_prep_75c45a,youtube_cal_oes_flood_prep_75c45a.mp4,46,50.0,640,480,combined,detect_combined,Non-Flooded,resnet18,False,False,1,tensorrt,tensorrt,tensorrt,24.06,24.06,40.62,41.56,5.45,11.68,17.13,1483.79,55.0,8.92,1483.79,55.0,11.21,31.15,73.22,1.32,105.69,0.1183,False,False
1780910352.790148,youtube_cal_oes_flood_prep_75c45a,youtube_cal_oes_flood_prep_75c45a.mp4,47,50.0,640,480,combined,detect_combined,Non-Flooded,resnet18,False,False,1,tensorrt,tensorrt,tensorrt,20.78,20.78,47.25,48.12,4.53,12.95,17.48,1483.79,40.4,8.92,1483.79,40.4,11.21,31.15,73.22,1.32,105.69,0.112,False,False
1780910352.8743944,youtube_cal_oes_flood_prep_75c45a,youtube_cal_oes_flood_prep_75c45a.mp4,48,50.0,640,480,combined,detect_combined,Non-Flooded,resnet18,False,False,1,tensorrt,tensorrt,tensorrt,20.52,20.52,47.52,48.72,4.94,17.63,22.57,1483.79,42.9,9.53,1483.79,42.9,11.21,31.15,73.22,1.32,105.69,0.131,False,False
1780910352.9579656,youtube_cal_oes_flood_prep_75c45a,youtube_cal_oes_flood_prep_75c45a.mp4,49,50.0,640,480,combined,detect_combined,Non-Flooded,resnet18,False,False,1,tensorrt,tensorrt,tensorrt,21.74,21.74,44.85,45.99,11.84,12.3,24.14,1483.79,48.9,9.53,1483.79,48.9,11.21,31.15,73.22,1.32,105.69,0.1668,False,False
1780910353.041413,youtube_cal_oes_flood_prep_75c45a,youtube_cal_oes_flood_prep_75c45a.mp4,50,50.0,640,480,combined,detect_combined,Non-Flooded,resnet18,False,False,1,tensorrt,tensorrt,tensorrt,23.76,23.76,41.21,42.08,6.98,14.38,21.36,1483.79,57.7,9.53,1483.79,57.7,11.21,31.15,73.22,1.32,105.69,0.161,False,False
1780910353.1293685,youtube_cal_oes_flood_prep_75c45a,youtube_cal_oes_flood_prep_75c45a.mp4,51,50.0,640,480,combined,detect_combined,Non-Flooded,resnet18,False,False,1,tensorrt,tensorrt,tensorrt,21.06,21.06,46.21,47.48,7.35,14.56,21.91,1483.79,61.1,9.53,1483.79,61.1,11.21,31.15,73.22,1.32,105.69,0.1387,False,False
1780910353.202733,youtube_cal_oes_flood_prep_75c45a,youtube_cal_oes_flood_prep_75c45a.mp4,52,50.0,640,480,combined,detect_combined,Non-Flooded,resnet18,False,False,1,tensorrt,tensorrt,tensorrt,26.91,26.91,36.09,37.16,6.34,12.59,18.93,1483.79,47.5,9.53,1483.79,47.5,11.21,31.15,73.22,1.32,105.69,0.1466,False,False
1780910353.2783356,youtube_cal_oes_flood_prep_75c45a,youtube_cal_oes_flood_prep_75c45a.mp4,53,50.0,640,480,combined,detect_combined,Non-Flooded,resnet18,False,False,1,tensorrt,tensorrt,tensorrt,23.34,23.34,41.99,42.84,6.92,12.37,19.29,1483.79,42.2,9.53,1483.79,42.2,11.21,31.15,73.22,1.32,105.69,0.1192,False,False
1780910353.3849363,youtube_cal_oes_flood_prep_75c45a,youtube_cal_oes_flood_prep_75c45a.mp4,54,50.0,640,480,combined,detect_combined,Non-Flooded,resnet18,False,False,1,tensorrt,tensorrt,tensorrt,16.81,16.81,57.94,59.47,7.42,13.24,20.66,1484.56,32.3,9.53,1484.56,32.3,11.21,31.15,73.22,1.32,105.69,0.1105,False,False
1780910353.4690065,youtube_cal_oes_flood_prep_75c45a,youtube_cal_oes_flood_prep_75c45a.mp4,55,50.0,640,480,combined,detect_combined,Non-Flooded,resnet18,False,False,1,tensorrt,tensorrt,tensorrt,23.22,23.22,41.45,43.07,5.12,15.84,20.96,1484.56,52.1,9.37,1484.56,52.1,11.21,31.15,73.22,1.32,105.69,0.1147,False,False
1780910353.5473464,youtube_cal_oes_flood_prep_75c45a,youtube_cal_oes_flood_prep_75c45a.mp4,56,50.0,640,480,combined,detect_combined,Non-Flooded,resnet18,False,False,1,tensorrt,tensorrt,tensorrt,20.63,20.63,47.34,48.46,6.78,10.16,16.94,1484.55,51.1,9.37,1484.55,51.1,11.21,31.15,73.22,1.32,105.69,0.0902,False,False
1780910353.6274111,youtube_cal_oes_flood_prep_75c45a,youtube_cal_oes_flood_prep_75c45a.mp4,57,50.0,640,480,combined,detect_combined,Non-Flooded,resnet18,False,False,1,tensorrt,tensorrt,tensorrt,20.41,20.41,48.03,49.0,4.53,11.94,16.47,1484.55,51.1,9.37,1484.55,51.1,11.21,31.15,73.22,1.32,105.69,0.0581,False,False
1780910353.679486,youtube_cal_oes_flood_prep_75c45a,youtube_cal_oes_flood_prep_75c45a.mp4,58,50.0,640,480,combined,detect_combined,Non-Flooded,resnet18,False,False,1,tensorrt,tensorrt,tensorrt,36.0,36.0,26.92,27.78,3.99,7.44,11.43,1484.55,51.6,9.37,1484.55,51.6,11.21,31.15,73.22,1.32,105.69,0.0478,False,False
1780910353.744904,youtube_cal_oes_flood_prep_75c45a,youtube_cal_oes_flood_prep_75c45a.mp4,59,50.0,640,480,combined,detect_combined,Non-Flooded,resnet18,False,False,1,tensorrt,tensorrt,tensorrt,24.36,24.36,40.1,41.04,4.99,10.12,15.11,1484.55,44.7,9.37,1484.55,44.7,11.21,31.15,73.22,1.32,105.69,0.0648,False,False
1780910353.8192124,youtube_cal_oes_flood_prep_75c45a,youtube_cal_oes_flood_prep_75c45a.mp4,60,50.0,640,480,combined,detect_combined,Non-Flooded,resnet18,False,False,1,tensorrt,tensorrt,tensorrt,22.06,22.06,44.41,45.33,4.62,11.55,16.17,1484.55,48.9,9.37,1484.55,48.9,11.21,31.15,73.22,1.32,105.69,0.0632,False,False
1780910353.8900146,youtube_cal_oes_flood_prep_75c45a,youtube_cal_oes_flood_prep_75c45a.mp4,61,50.0,640,480,combined,detect_combined,Non-Flooded,resnet18,False,False,1,tensorrt,tensorrt,tensorrt,26.45,26.45,36.99,37.8,5.6,10.76,16.36,1484.55,41.9,9.37,1484.55,41.9,11.21,31.15,73.22,1.32,105.69,0.0366,False,False
1780910353.965148,youtube_cal_oes_flood_prep_75c45a,youtube_cal_oes_flood_prep_75c45a.mp4,62,50.0,640,480,combined,detect_combined,Non-Flooded,resnet18,False,False,1,tensorrt,tensorrt,tensorrt,24.2,24.2,40.26,41.32,5.57,10.77,16.34,1484.55,31.8,9.37,1484.55,31.8,11.21,31.15,73.22,1.32,105.69,0.0489,False,False
1780910354.035975,youtube_cal_oes_flood_prep_75c45a,youtube_cal_oes_flood_prep_75c45a.mp4,63,50.0,640,480,combined,detect_combined,Non-Flooded,resnet18,False,False,1,tensorrt,tensorrt,tensorrt,25.51,25.51,38.37,39.2,5.3,9.91,15.21,1484.55,37.2,10.14,1484.55,37.2,11.21,31.15,73.22,1.32,105.69,0.0698,False,False
1780910354.1120653,youtube_cal_oes_flood_prep_75c45a,youtube_cal_oes_flood_prep_75c45a.mp4,64,50.0,640,480,combined,detect_combined,Non-Flooded,resnet18,False,False,1,tensorrt,tensorrt,tensorrt,23.71,23.71,41.23,42.18,4.31,12.02,16.33,1484.55,43.5,10.14,1484.55,43.5,11.21,31.15,73.22,1.32,105.69,0.0792,False,False
1780910354.179704,youtube_cal_oes_flood_prep_75c45a,youtube_cal_oes_flood_prep_75c45a.mp4,65,50.0,640,480,combined,detect_combined,Non-Flooded,resnet18,False,False,1,tensorrt,tensorrt,tensorrt,25.97,25.97,37.56,38.5,6.22,8.67,14.89,1484.55,48.7,10.14,1484.55,48.7,11.21,31.15,73.22,1.32,105.69,0.0749,False,False
1780910354.2412138,youtube_cal_oes_flood_prep_75c45a,youtube_cal_oes_flood_prep_75c45a.mp4,66,50.0,640,480,combined,detect_combined,Non-Flooded,resnet18,False,False,1,tensorrt,tensorrt,tensorrt,30.62,30.62,31.74,32.66,4.35,8.33,12.68,1484.54,51.4,10.14,1484.54,51.4,11.21,31.15,73.22,1.32,105.69,0.0669,False,False
1780910354.3103666,youtube_cal_oes_flood_prep_75c45a,youtube_cal_oes_flood_prep_75c45a.mp4,67,50.0,640,480,combined,detect_combined,Non-Flooded,resnet18,False,False,1,tensorrt,tensorrt,tensorrt,29.86,29.86,32.42,33.49,7.21,11.01,18.22,1484.54,50.0,10.14,1484.54,50.0,11.21,31.15,73.22,1.32,105.69,0.078,False,False
1780910354.378669,youtube_cal_oes_flood_prep_75c45a,youtube_cal_oes_flood_prep_75c45a.mp4,68,50.0,640,480,combined,detect_combined,Non-Flooded,resnet18,False,False,1,tensorrt,tensorrt,tensorrt,25.37,25.37,38.45,39.41,6.84,8.43,15.27,1484.54,52.4,10.14,1484.54,52.4,11.21,31.15,73.22,1.32,105.69,0.076,False,False
1780910354.4440432,youtube_cal_oes_flood_prep_75c45a,youtube_cal_oes_flood_prep_75c45a.mp4,69,50.0,640,480,combined,detect_combined,Non-Flooded,resnet18,False,False,1,tensorrt,tensorrt,tensorrt,28.6,28.6,33.98,34.96,4.04,11.81,15.850000000000001,1484.54,53.7,10.14,1484.54,53.7,11.21,31.15,73.22,1.32,105.69,0.074,False,False
1780910354.5004199,youtube_cal_oes_flood_prep_75c45a,youtube_cal_oes_flood_prep_75c45a.mp4,70,50.0,640,480,combined,detect_combined,Non-Flooded,resnet18,False,False,1,tensorrt,tensorrt,tensorrt,32.65,32.65,29.68,30.63,4.21,7.9,12.11,1484.54,57.6,10.14,1484.54,57.6,11.21,31.15,73.22,1.32,105.69,0.0595,False,False
1780910354.572669,youtube_cal_oes_flood_prep_75c45a,youtube_cal_oes_flood_prep_75c45a.mp4,71,50.0,640,480,combined,detect_combined,Non-Flooded,resnet18,False,False,1,tensorrt,tensorrt,tensorrt,23.73,23.73,41.22,42.14,5.7,13.48,19.18,1484.54,60.5,10.14,1484.54,60.5,11.21,31.15,73.22,1.32,105.69,0.0616,False,False
1780910354.643617,youtube_cal_oes_flood_prep_75c45a,youtube_cal_oes_flood_prep_75c45a.mp4,72,50.0,640,480,combined,detect_combined,Non-Flooded,resnet18,False,False,1,tensorrt,tensorrt,tensorrt,25.46,25.46,38.24,39.27,4.8,10.94,15.739999999999998,1484.54,42.1,10.44,1484.54,42.1,11.21,31.15,73.22,1.32,105.69,0.0712,False,False
1780910354.7102985,youtube_cal_oes_flood_prep_75c45a,youtube_cal_oes_flood_prep_75c45a.mp4,73,50.0,640,480,combined,detect_combined,Non-Flooded,resnet18,False,False,1,tensorrt,tensorrt,tensorrt,25.07,25.07,38.87,39.88,4.31,12.69,17.0,1484.54,41.0,10.44,1484.54,41.0,11.21,31.15,73.22,1.32,105.69,0.0775,False,False
1780910354.7843916,youtube_cal_oes_flood_prep_75c45a,youtube_cal_oes_flood_prep_75c45a.mp4,74,50.0,640,480,combined,detect_combined,Non-Flooded,resnet18,False,False,1,tensorrt,tensorrt,tensorrt,23.34,23.34,41.89,42.85,4.17,13.48,17.65,1484.54,40.0,10.44,1484.54,40.0,11.21,31.15,73.22,1.32,105.69,0.0782,False,False
1780910354.8756416,youtube_cal_oes_flood_prep_75c45a,youtube_cal_oes_flood_prep_75c45a.mp4,75,50.0,640,480,combined,detect_combined,Non-Flooded,resnet18,False,False,1,tensorrt,tensorrt,tensorrt,20.82,20.82,47.22,48.03,9.36,13.97,23.33,1484.53,37.3,10.44,1484.53,37.3,11.21,31.15,73.22,1.32,105.69,0.056,False,False
1780910354.9586709,youtube_cal_oes_flood_prep_75c45a,youtube_cal_oes_flood_prep_75c45a.mp4,76,50.0,640,480,combined,detect_combined,Non-Flooded,resnet18,False,False,1,tensorrt,tensorrt,tensorrt,20.45,20.45,47.65,48.9,6.99,11.83,18.82,1484.53,39.6,10.44,1484.53,39.6,11.21,31.15,73.22,1.32,105.69,0.0502,False,False
1780910355.0332,youtube_cal_oes_flood_prep_75c45a,youtube_cal_oes_flood_prep_75c45a.mp4,77,50.0,640,480,combined,detect_combined,Non-Flooded,resnet18,False,False,1,tensorrt,tensorrt,tensorrt,23.67,23.67,41.08,42.26,6.23,10.44,16.67,1484.53,56.8,10.44,1484.53,56.8,11.21,31.15,73.22,1.32,105.69,0.0316,False,False
1780910355.1057677,youtube_cal_oes_flood_prep_75c45a,youtube_cal_oes_flood_prep_75c45a.mp4,78,50.0,640,480,combined,detect_combined,Non-Flooded,resnet18,False,False,1,tensorrt,tensorrt,tensorrt,23.17,23.17,42.29,43.16,6.64,9.95,16.59,1484.79,46.5,10.44,1484.79,46.5,11.21,31.15,73.22,1.32,105.69,0.0351,False,False
1780910355.1904335,youtube_cal_oes_flood_prep_75c45a,youtube_cal_oes_flood_prep_75c45a.mp4,79,50.0,640,480,combined,detect_combined,Non-Flooded,resnet18,False,False,1,tensorrt,tensorrt,tensorrt,19.87,19.87,49.06,50.33,6.31,15.93,22.24,1484.79,38.3,10.44,1484.79,38.3,11.21,31.15,73.22,1.32,105.69,0.0331,False,False
1780910355.2638469,youtube_cal_oes_flood_prep_75c45a,youtube_cal_oes_flood_prep_75c45a.mp4,80,50.0,640,480,combined,detect_combined,Non-Flooded,resnet18,False,False,1,tensorrt,tensorrt,tensorrt,23.91,23.91,40.84,41.82,5.7,12.96,18.66,1484.78,45.2,9.98,1484.78,45.2,11.21,31.15,73.22,1.32,105.69,0.0285,False,False
1780910355.335943,youtube_cal_oes_flood_prep_75c45a,youtube_cal_oes_flood_prep_75c45a.mp4,81,50.0,640,480,combined,detect_combined,Non-Flooded,resnet18,False,False,1,tensorrt,tensorrt,tensorrt,23.42,23.42,41.84,42.7,7.02,8.25,15.27,1484.78,39.5,9.98,1484.78,39.5,11.21,31.15,73.22,1.32,105.69,0.0301,False,False
1780910355.414765,youtube_cal_oes_flood_prep_75c45a,youtube_cal_oes_flood_prep_75c45a.mp4,82,50.0,640,480,combined,detect_combined,Non-Flooded,resnet18,False,False,1,tensorrt,tensorrt,tensorrt,21.03,21.03,46.48,47.55,4.93,13.66,18.59,1484.78,36.4,9.98,1484.78,36.4,11.21,31.15,73.22,1.32,105.69,0.028,False,False
1780910355.5017831,youtube_cal_oes_flood_prep_75c45a,youtube_cal_oes_flood_prep_75c45a.mp4,83,50.0,640,480,combined,detect_combined,Non-Flooded,resnet18,False,False,1,tensorrt,tensorrt,tensorrt,19.57,19.57,49.79,51.09,4.77,16.72,21.49,1484.78,53.8,9.98,1484.78,53.8,11.21,31.15,73.22,1.32,105.69,0.0325,False,False
1780910355.5902193,youtube_cal_oes_flood_prep_75c45a,youtube_cal_oes_flood_prep_75c45a.mp4,84,50.0,640,480,combined,detect_combined,Non-Flooded,resnet18,False,False,1,tensorrt,tensorrt,tensorrt,20.7,20.7,47.36,48.32,10.61,15.33,25.939999999999998,1484.78,55.8,9.98,1484.78,55.8,11.21,31.15,73.22,1.32,105.69,0.0406,False,False
1780910355.6685147,youtube_cal_oes_flood_prep_75c45a,youtube_cal_oes_flood_prep_75c45a.mp4,85,50.0,640,480,combined,detect_combined,Non-Flooded,resnet18,False,False,1,tensorrt,tensorrt,tensorrt,21.53,21.53,45.43,46.45,5.04,15.14,20.18,1484.78,53.1,9.98,1484.78,53.1,11.21,31.15,73.22,1.32,105.69,0.0528,False,False
1780910355.7393785,youtube_cal_oes_flood_prep_75c45a,youtube_cal_oes_flood_prep_75c45a.mp4,86,50.0,640,480,combined,detect_combined,Non-Flooded,resnet18,False,False,1,tensorrt,tensorrt,tensorrt,24.56,24.56,39.62,40.71,6.83,10.8,17.630000000000003,1484.78,54.8,9.98,1484.78,54.8,11.21,31.15,73.22,1.32,105.69,0.0477,False,False
1780910355.81516,youtube_cal_oes_flood_prep_75c45a,youtube_cal_oes_flood_prep_75c45a.mp4,87,50.0,640,480,combined,detect_combined,Non-Flooded,resnet18,False,False,1,tensorrt,tensorrt,tensorrt,21.45,21.45,45.73,46.62,4.37,15.13,19.5,1484.77,33.3,10.14,1484.77,33.3,11.21,31.15,73.22,1.32,105.69,0.0284,False,False
1780910355.9016333,youtube_cal_oes_flood_prep_75c45a,youtube_cal_oes_flood_prep_75c45a.mp4,88,50.0,640,480,combined,detect_combined,Non-Flooded,resnet18,False,False,1,tensorrt,tensorrt,tensorrt,18.05,18.05,54.3,55.39,13.73,15.32,29.05,1484.78,46.8,10.14,1484.78,46.8,11.21,31.15,73.22,1.32,105.69,0.0522,False,False
1780910355.9837475,youtube_cal_oes_flood_prep_75c45a,youtube_cal_oes_flood_prep_75c45a.mp4,89,50.0,640,480,combined,detect_combined,Non-Flooded,resnet18,False,False,1,tensorrt,tensorrt,tensorrt,20.78,20.78,46.93,48.12,6.87,10.55,17.42,1484.78,40.4,10.14,1484.78,40.4,11.21,31.15,73.22,1.32,105.69,0.0544,False,False
1780910356.0673227,youtube_cal_oes_flood_prep_75c45a,youtube_cal_oes_flood_prep_75c45a.mp4,90,50.0,640,480,combined,detect_combined,Non-Flooded,resnet18,False,False,1,tensorrt,tensorrt,tensorrt,22.47,22.47,43.34,44.51,10.12,14.52,24.64,1484.78,34.7,10.14,1484.78,34.7,11.21,31.15,73.22,1.32,105.69,0.0809,False,False
1780910356.1436715,youtube_cal_oes_flood_prep_75c45a,youtube_cal_oes_flood_prep_75c45a.mp4,91,50.0,640,480,combined,detect_combined,Non-Flooded,resnet18,False,False,1,tensorrt,tensorrt,tensorrt,24.42,24.42,39.75,40.95,5.53,9.4,14.93,1484.78,37.2,10.14,1484.78,37.2,11.21,31.15,73.22,1.32,105.69,0.0713,False,False
1780910356.235344,youtube_cal_oes_flood_prep_75c45a,youtube_cal_oes_flood_prep_75c45a.mp4,92,50.0,640,480,combined,detect_combined,Non-Flooded,resnet18,False,False,1,tensorrt,tensorrt,tensorrt,20.57,20.57,47.69,48.61,6.39,15.53,21.919999999999998,1484.77,38.9,10.14,1484.77,38.9,11.21,31.15,73.22,1.32,105.69,0.0834,False,False
1780910356.3133383,youtube_cal_oes_flood_prep_75c45a,youtube_cal_oes_flood_prep_75c45a.mp4,93,50.0,640,480,combined,detect_combined,Non-Flooded,resnet18,False,False,1,tensorrt,tensorrt,tensorrt,22.08,22.08,44.26,45.28,5.84,10.47,16.310000000000002,1484.77,40.4,10.14,1484.77,40.4,11.21,31.15,73.22,1.32,105.69,0.0895,False,False
1780910356.3829527,youtube_cal_oes_flood_prep_75c45a,youtube_cal_oes_flood_prep_75c45a.mp4,94,50.0,640,480,combined,detect_combined,Non-Flooded,resnet18,False,False,1,tensorrt,tensorrt,tensorrt,25.23,25.23,38.14,39.63,4.46,9.33,13.79,1484.76,29.7,9.22,1484.76,29.7,11.21,31.15,73.22,1.32,105.69,0.0936,False,False
1780910356.4680939,youtube_cal_oes_flood_prep_75c45a,youtube_cal_oes_flood_prep_75c45a.mp4,95,50.0,640,480,combined,detect_combined,Non-Flooded,resnet18,False,False,1,tensorrt,tensorrt,tensorrt,19.8,19.8,49.22,50.5,4.99,16.74,21.729999999999997,1484.76,32.7,9.22,1484.76,32.7,11.21,31.15,73.22,1.32,105.69,0.0825,False,False
1780910356.5498316,youtube_cal_oes_flood_prep_75c45a,youtube_cal_oes_flood_prep_75c45a.mp4,96,50.0,640,480,combined,detect_combined,Non-Flooded,resnet18,False,False,1,tensorrt,tensorrt,tensorrt,23.22,23.22,42.16,43.07,5.78,10.93,16.71,1484.76,30.4,9.22,1484.76,30.4,11.21,31.15,73.22,1.32,105.69,0.0818,False,False
1780910356.6432962,youtube_cal_oes_flood_prep_75c45a,youtube_cal_oes_flood_prep_75c45a.mp4,97,50.0,640,480,combined,detect_combined,Non-Flooded,resnet18,False,False,1,tensorrt,tensorrt,tensorrt,18.05,18.05,54.07,55.4,9.11,17.98,27.09,1484.76,39.0,9.22,1484.76,39.0,11.21,31.15,73.22,1.32,105.69,0.0894,False,False
1780910356.7399814,youtube_cal_oes_flood_prep_75c45a,youtube_cal_oes_flood_prep_75c45a.mp4,98,50.0,640,480,combined,detect_combined,Non-Flooded,resnet18,False,False,1,tensorrt,tensorrt,tensorrt,16.63,16.63,58.79,60.13,6.32,20.33,26.65,1484.76,53.4,9.22,1484.76,53.4,11.21,31.15,73.22,1.32,105.69,0.0783,False,False
1780910356.821584,youtube_cal_oes_flood_prep_75c45a,youtube_cal_oes_flood_prep_75c45a.mp4,99,50.0,640,480,combined,detect_combined,Non-Flooded,resnet18,False,False,1,tensorrt,tensorrt,tensorrt,22.5,22.5,43.38,44.44,5.71,15.62,21.33,1484.76,51.0,9.22,1484.76,51.0,11.21,31.15,73.22,1.32,105.69,0.0725,False,False
1780910356.891373,youtube_cal_oes_flood_prep_75c45a,youtube_cal_oes_flood_prep_75c45a.mp4,100,50.0,640,480,combined,detect_combined,Non-Flooded,resnet18,False,False,1,tensorrt,tensorrt,tensorrt,27.62,27.62,35.27,36.21,5.33,11.02,16.35,1484.75,53.5,9.22,1484.75,53.5,11.21,31.15,73.22,1.32,105.69,0.0799,False,False
1780910356.979462,youtube_cal_oes_flood_prep_75c45a,youtube_cal_oes_flood_prep_75c45a.mp4,101,50.0,640,480,combined,detect_combined,Non-Flooded,resnet18,False,False,1,tensorrt,tensorrt,tensorrt,22.46,22.46,43.23,44.53,6.24,16.61,22.85,1484.75,50.0,9.53,1484.75,50.0,11.21,31.15,73.22,1.32,105.69,0.096,False,False
1780910357.0500739,youtube_cal_oes_flood_prep_75c45a,youtube_cal_oes_flood_prep_75c45a.mp4,102,50.0,640,480,combined,detect_combined,Non-Flooded,resnet18,False,False,1,tensorrt,tensorrt,tensorrt,23.87,23.87,40.96,41.89,5.13,8.7,13.829999999999998,1484.75,52.5,9.53,1484.75,52.5,11.21,31.15,73.22,1.32,105.69,0.0825,False,False
1780910357.1360524,youtube_cal_oes_flood_prep_75c45a,youtube_cal_oes_flood_prep_75c45a.mp4,103,50.0,640,480,combined,detect_combined,Non-Flooded,resnet18,False,False,1,tensorrt,tensorrt,tensorrt,18.75,18.75,52.38,53.32,5.41,17.09,22.5,1484.68,63.5,9.53,1484.68,63.5,11.21,31.15,73.22,1.32,105.69,0.1136,False,False
1780910357.1901846,youtube_cal_oes_flood_prep_75c45a,youtube_cal_oes_flood_prep_75c45a.mp4,104,50.0,640,480,combined,detect_combined,Non-Flooded,resnet18,False,False,1,tensorrt,tensorrt,tensorrt,36.56,36.56,26.5,27.35,4.21,7.43,11.64,1484.68,34.5,9.53,1484.68,34.5,11.21,31.15,73.22,1.32,105.69,0.0697,False,False
1780910357.2581034,youtube_cal_oes_flood_prep_75c45a,youtube_cal_oes_flood_prep_75c45a.mp4,105,50.0,640,480,combined,detect_combined,Non-Flooded,resnet18,False,False,1,tensorrt,tensorrt,tensorrt,30.27,30.27,32.01,33.04,4.51,8.0,12.51,1484.68,39.0,9.53,1484.68,39.0,11.21,31.15,73.22,1.32,105.69,0.0711,False,False
1780910357.3270473,youtube_cal_oes_flood_prep_75c45a,youtube_cal_oes_flood_prep_75c45a.mp4,106,50.0,640,480,combined,detect_combined,Non-Flooded,resnet18,False,False,1,tensorrt,tensorrt,tensorrt,24.36,24.36,40.09,41.05,5.52,9.95,15.469999999999999,1484.68,42.1,9.53,1484.68,42.1,11.21,31.15,73.22,1.32,105.69,0.0689,False,False
1780910357.410218,youtube_cal_oes_flood_prep_75c45a,youtube_cal_oes_flood_prep_75c45a.mp4,107,50.0,640,480,combined,detect_combined,Non-Flooded,resnet18,False,False,1,tensorrt,tensorrt,tensorrt,21.6,21.6,45.32,46.31,4.72,15.04,19.759999999999998,1484.67,43.7,9.53,1484.67,43.7,11.21,31.15,73.22,1.32,105.69,0.0561,False,False
1780910357.4889386,youtube_cal_oes_flood_prep_75c45a,youtube_cal_oes_flood_prep_75c45a.mp4,108,50.0,640,480,combined,detect_combined,Non-Flooded,resnet18,False,False,1,tensorrt,tensorrt,tensorrt,21.82,21.82,44.92,45.83,4.53,15.57,20.1,1484.67,45.8,9.53,1484.67,45.8,11.21,31.15,73.22,1.32,105.69,0.0684,False,False
1780910357.5658731,youtube_cal_oes_flood_prep_75c45a,youtube_cal_oes_flood_prep_75c45a.mp4,109,50.0,640,480,combined,detect_combined,Non-Flooded,resnet18,False,False,1,tensorrt,tensorrt,tensorrt,23.44,23.44,41.56,42.66,8.58,10.94,19.52,1484.67,34.1,9.83,1484.67,34.1,11.21,31.15,73.22,1.32,105.69,0.077,False,False
1780910357.6477582,youtube_cal_oes_flood_prep_75c45a,youtube_cal_oes_flood_prep_75c45a.mp4,110,50.0,640,480,combined,detect_combined,Non-Flooded,resnet18,False,False,1,tensorrt,tensorrt,tensorrt,22.22,22.22,43.94,45.0,6.58,12.53,19.11,1484.67,32.6,9.83,1484.67,32.6,11.21,31.15,73.22,1.32,105.69,0.0697,False,False
1780910357.7358105,youtube_cal_oes_flood_prep_75c45a,youtube_cal_oes_flood_prep_75c45a.mp4,111,50.0,640,480,combined,detect_combined,Non-Flooded,resnet18,False,False,1,tensorrt,tensorrt,tensorrt,23.18,23.18,42.08,43.14,5.88,15.64,21.52,1484.67,43.4,9.83,1484.67,43.4,11.21,31.15,73.22,1.32,105.69,0.0611,False,False
1780910357.8227024,youtube_cal_oes_flood_prep_75c45a,youtube_cal_oes_flood_prep_75c45a.mp4,112,50.0,640,480,combined,detect_combined,Non-Flooded,resnet18,False,False,1,tensorrt,tensorrt,tensorrt,21.96,21.96,44.37,45.54,7.4,18.27,25.67,1484.67,38.0,9.83,1484.67,38.0,11.21,31.15,73.22,1.32,105.69,0.059,False,False
1780910357.9064531,youtube_cal_oes_flood_prep_75c45a,youtube_cal_oes_flood_prep_75c45a.mp4,113,50.0,640,480,combined,detect_combined,Non-Flooded,resnet18,False,False,1,tensorrt,tensorrt,tensorrt,22.51,22.51,43.24,44.42,5.92,14.56,20.48,1484.67,34.7,9.83,1484.67,34.7,11.21,31.15,73.22,1.32,105.69,0.0387,False,False
1780910357.9889603,youtube_cal_oes_flood_prep_75c45a,youtube_cal_oes_flood_prep_75c45a.mp4,114,50.0,640,480,combined,detect_combined,Non-Flooded,resnet18,False,False,1,tensorrt,tensorrt,tensorrt,22.3,22.3,43.82,44.84,5.08,14.74,19.82,1484.67,46.9,9.83,1484.67,46.9,11.21,31.15,73.22,1.32,105.69,0.0428,False,False
1780910358.0683892,youtube_cal_oes_flood_prep_75c45a,youtube_cal_oes_flood_prep_75c45a.mp4,115,50.0,640,480,combined,detect_combined,Non-Flooded,resnet18,False,False,1,tensorrt,tensorrt,tensorrt,20.86,20.86,45.63,47.94,7.62,17.68,25.3,1483.47,59.6,9.83,1483.47,59.6,11.21,31.15,73.22,1.32,105.69,0.0455,False,False
1780910358.146482,youtube_cal_oes_flood_prep_75c45a,youtube_cal_oes_flood_prep_75c45a.mp4,116,50.0,640,480,combined,detect_combined,Non-Flooded,resnet18,False,False,1,tensorrt,tensorrt,tensorrt,21.47,21.47,45.67,46.58,11.41,11.29,22.7,1483.46,55.6,9.53,1483.46,55.6,11.21,31.15,73.22,1.32,105.69,0.0579,False,False
1780910358.216421,youtube_cal_oes_flood_prep_75c45a,youtube_cal_oes_flood_prep_75c45a.mp4,117,50.0,640,480,combined,detect_combined,Non-Flooded,resnet18,False,False,1,tensorrt,tensorrt,tensorrt,26.27,26.27,37.17,38.07,4.51,12.12,16.63,1483.46,54.8,9.53,1483.46,54.8,11.21,31.15,73.22,1.32,105.69,0.0844,False,False
1780910358.296485,youtube_cal_oes_flood_prep_75c45a,youtube_cal_oes_flood_prep_75c45a.mp4,118,50.0,640,480,combined,detect_combined,Non-Flooded,resnet18,False,False,1,tensorrt,tensorrt,tensorrt,23.45,23.45,41.62,42.64,7.74,11.72,19.46,1483.46,52.2,9.53,1483.46,52.2,11.21,31.15,73.22,1.32,105.69,0.0688,False,False
1780910358.390559,youtube_cal_oes_flood_prep_75c45a,youtube_cal_oes_flood_prep_75c45a.mp4,119,50.0,640,480,combined,detect_combined,Non-Flooded,resnet18,False,False,1,tensorrt,tensorrt,tensorrt,15.83,15.83,62.17,63.17,6.33,14.2,20.53,1483.63,55.6,9.53,1483.63,55.6,11.21,31.15,73.22,1.32,105.69,0.0665,False,False
1780910358.4601645,youtube_cal_oes_flood_prep_75c45a,youtube_cal_oes_flood_prep_75c45a.mp4,120,50.0,640,480,combined,detect_combined,Non-Flooded,resnet18,False,False,1,tensorrt,tensorrt,tensorrt,28.55,28.55,34.14,35.03,4.71,7.29,12.0,1483.63,53.7,9.53,1483.63,53.7,11.21,31.15,73.22,1.32,105.69,0.0729,False,False
1780910358.5212767,youtube_cal_oes_flood_prep_75c45a,youtube_cal_oes_flood_prep_75c45a.mp4,121,50.0,640,480,combined,detect_combined,Non-Flooded,resnet18,False,False,1,tensorrt,tensorrt,tensorrt,29.06,29.06,33.53,34.41,4.36,7.58,11.940000000000001,1483.62,40.0,9.53,1483.62,40.0,11.21,31.15,73.22,1.32,105.69,0.086,False,False
1780910358.5816894,youtube_cal_oes_flood_prep_75c45a,youtube_cal_oes_flood_prep_75c45a.mp4,122,50.0,640,480,combined,detect_combined,Non-Flooded,resnet18,False,False,1,tensorrt,tensorrt,tensorrt,27.77,27.77,35.17,36.02,4.28,9.6,13.879999999999999,1483.62,29.4,9.53,1483.62,29.4,11.21,31.15,73.22,1.32,105.69,0.0795,False,False
1780910358.6454735,youtube_cal_oes_flood_prep_75c45a,youtube_cal_oes_flood_prep_75c45a.mp4,123,50.0,640,480,combined,detect_combined,Non-Flooded,resnet18,False,False,1,tensorrt,tensorrt,tensorrt,27.47,27.47,35.33,36.4,4.74,9.16,13.9,1483.62,42.5,9.53,1483.62,42.5,11.21,31.15,73.22,1.32,105.69,0.0811,False,False
1780910358.7158413,youtube_cal_oes_flood_prep_75c45a,youtube_cal_oes_flood_prep_75c45a.mp4,124,50.0,640,480,combined,detect_combined,Non-Flooded,resnet18,False,False,1,tensorrt,tensorrt,tensorrt,25.11,25.11,38.24,39.83,4.32,8.35,12.67,1483.62,46.2,9.53,1483.62,46.2,11.21,31.15,73.22,1.32,105.69,0.1044,False,False
1780910358.7804163,youtube_cal_oes_flood_prep_75c45a,youtube_cal_oes_flood_prep_75c45a.mp4,125,50.0,640,480,combined,detect_combined,Non-Flooded,resnet18,False,False,1,tensorrt,tensorrt,tensorrt,28.27,28.27,34.43,35.38,4.68,10.79,15.469999999999999,1483.62,36.1,9.98,1483.62,36.1,11.21,31.15,73.22,1.32,105.69,0.0994,False,False
1780910358.8550937,youtube_cal_oes_flood_prep_75c45a,youtube_cal_oes_flood_prep_75c45a.mp4,126,50.0,640,480,combined,detect_combined,Non-Flooded,resnet18,False,False,1,tensorrt,tensorrt,tensorrt,22.6,22.6,43.23,44.25,4.8,15.92,20.72,1483.62,37.2,9.98,1483.62,37.2,11.21,31.15,73.22,1.32,105.69,0.0772,False,False
1780910358.9476488,youtube_cal_oes_flood_prep_75c45a,youtube_cal_oes_flood_prep_75c45a.mp4,127,50.0,640,480,combined,detect_combined,Non-Flooded,resnet18,False,False,1,tensorrt,tensorrt,tensorrt,19.53,19.53,49.8,51.21,4.46,9.84,14.3,1483.54,47.2,9.98,1483.54,47.2,11.21,31.15,73.22,1.32,105.69,0.0806,False,False
1780910359.0319564,youtube_cal_oes_flood_prep_75c45a,youtube_cal_oes_flood_prep_75c45a.mp4,128,50.0,640,480,combined,detect_combined,Non-Flooded,resnet18,False,False,1,tensorrt,tensorrt,tensorrt,21.17,21.17,46.23,47.23,6.31,15.52,21.83,1483.38,50.0,9.98,1483.38,50.0,11.21,31.15,73.22,1.32,105.69,0.0911,False,False
1780910359.113841,youtube_cal_oes_flood_prep_75c45a,youtube_cal_oes_flood_prep_75c45a.mp4,129,50.0,640,480,combined,detect_combined,Non-Flooded,resnet18,False,False,1,tensorrt,tensorrt,tensorrt,20.49,20.49,47.79,48.8,8.96,11.34,20.3,1483.25,54.3,9.98,1483.25,54.3,11.21,31.15,73.22,1.32,105.69,0.123,False,False
1780910359.1870935,youtube_cal_oes_flood_prep_75c45a,youtube_cal_oes_flood_prep_75c45a.mp4,130,50.0,640,480,combined,detect_combined,Non-Flooded,resnet18,False,False,1,tensorrt,tensorrt,tensorrt,24.11,24.11,40.64,41.48,4.63,9.44,14.07,1483.25,58.0,9.98,1483.25,58.0,11.21,31.15,73.22,1.32,105.69,0.0928,False,False
1780910359.2628102,youtube_cal_oes_flood_prep_75c45a,youtube_cal_oes_flood_prep_75c45a.mp4,131,50.0,640,480,combined,detect_combined,Non-Flooded,resnet18,False,False,1,tensorrt,tensorrt,tensorrt,22.42,22.42,43.56,44.61,5.73,11.21,16.94,1483.25,46.5,9.98,1483.25,46.5,11.21,31.15,73.22,1.32,105.69,0.1032,False,False
1780910359.333483,youtube_cal_oes_flood_prep_75c45a,youtube_cal_oes_flood_prep_75c45a.mp4,132,50.0,640,480,combined,detect_combined,Non-Flooded,resnet18,False,False,1,tensorrt,tensorrt,tensorrt,25.83,25.83,37.77,38.71,5.0,17.75,22.75,1483.25,55.6,10.6,1483.25,55.6,11.21,31.15,73.22,1.32,105.69,0.1114,False,False
1780910359.4108074,youtube_cal_oes_flood_prep_75c45a,youtube_cal_oes_flood_prep_75c45a.mp4,133,50.0,640,480,combined,detect_combined,Non-Flooded,resnet18,False,False,1,tensorrt,tensorrt,tensorrt,22.88,22.88,42.69,43.71,6.96,8.7,15.66,1483.25,47.8,10.6,1483.25,47.8,11.21,31.15,73.22,1.32,105.69,0.1202,False,False
1780910359.4822676,youtube_cal_oes_flood_prep_75c45a,youtube_cal_oes_flood_prep_75c45a.mp4,134,50.0,640,480,combined,detect_combined,Non-Flooded,resnet18,False,False,1,tensorrt,tensorrt,tensorrt,23.97,23.97,40.82,41.72,5.12,10.02,15.14,1483.25,53.5,10.6,1483.25,53.5,11.21,31.15,73.22,1.32,105.69,0.0959,False,False
1780910359.5467944,youtube_cal_oes_flood_prep_75c45a,youtube_cal_oes_flood_prep_75c45a.mp4,135,50.0,640,480,combined,detect_combined,Non-Flooded,resnet18,False,False,1,tensorrt,tensorrt,tensorrt,27.85,27.85,35.04,35.91,4.57,8.91,13.48,1483.24,51.3,10.6,1483.24,51.3,11.21,31.15,73.22,1.32,105.69,0.0979,False,False
1780910359.6244094,youtube_cal_oes_flood_prep_75c45a,youtube_cal_oes_flood_prep_75c45a.mp4,136,50.0,640,480,combined,detect_combined,Non-Flooded,resnet18,False,False,1,tensorrt,tensorrt,tensorrt,20.84,20.84,46.88,47.98,4.97,13.95,18.919999999999998,1483.24,34.1,10.6,1483.24,34.1,11.21,31.15,73.22,1.32,105.69,0.0902,False,False
1780910359.6968105,youtube_cal_oes_flood_prep_75c45a,youtube_cal_oes_flood_prep_75c45a.mp4,137,50.0,640,480,combined,detect_combined,Non-Flooded,resnet18,False,False,1,tensorrt,tensorrt,tensorrt,27.82,27.82,35.04,35.95,4.46,8.79,13.25,1483.24,37.2,10.6,1483.24,37.2,11.21,31.15,73.22,1.32,105.69,0.0958,False,False
1780910359.7528274,youtube_cal_oes_flood_prep_75c45a,youtube_cal_oes_flood_prep_75c45a.mp4,138,50.0,640,480,combined,detect_combined,Non-Flooded,resnet18,False,False,1,tensorrt,tensorrt,tensorrt,32.05,32.05,30.29,31.2,4.39,8.41,12.8,1483.24,39.4,10.6,1483.24,39.4,11.21,31.15,73.22,1.32,105.69,0.0963,False,False
1780910359.8156078,youtube_cal_oes_flood_prep_75c45a,youtube_cal_oes_flood_prep_75c45a.mp4,139,50.0,640,480,combined,detect_combined,Non-Flooded,resnet18,False,False,1,tensorrt,tensorrt,tensorrt,26.55,26.55,36.81,37.66,4.51,8.98,13.49,1483.24,40.5,10.6,1483.24,40.5,11.21,31.15,73.22,1.32,105.69,0.079,False,False
1780910359.8924346,youtube_cal_oes_flood_prep_75c45a,youtube_cal_oes_flood_prep_75c45a.mp4,140,50.0,640,480,combined,detect_combined,Non-Flooded,resnet18,False,False,1,tensorrt,tensorrt,tensorrt,23.36,23.36,41.94,42.81,8.05,14.49,22.54,1483.24,39.1,9.68,1483.24,39.1,11.21,31.15,73.22,1.32,105.69,0.0641,False,False
1780910359.9655807,youtube_cal_oes_flood_prep_75c45a,youtube_cal_oes_flood_prep_75c45a.mp4,141,50.0,640,480,combined,detect_combined,Non-Flooded,resnet18,False,False,1,tensorrt,tensorrt,tensorrt,26.17,26.17,37.2,38.21,4.55,12.02,16.57,1483.24,29.3,9.68,1483.24,29.3,11.21,31.15,73.22,1.32,105.69,0.0577,False,False
1780910360.0435562,youtube_cal_oes_flood_prep_75c45a,youtube_cal_oes_flood_prep_75c45a.mp4,142,50.0,640,480,combined,detect_combined,Non-Flooded,resnet18,False,False,1,tensorrt,tensorrt,tensorrt,23.14,23.14,42.09,43.21,6.67,11.41,18.08,1483.23,34.8,9.68,1483.23,34.8,11.21,31.15,73.22,1.32,105.69,0.0475,False,False
1780910360.125597,youtube_cal_oes_flood_prep_75c45a,youtube_cal_oes_flood_prep_75c45a.mp4,143,50.0,640,480,combined,detect_combined,Non-Flooded,resnet18,False,False,1,tensorrt,tensorrt,tensorrt,19.22,19.22,50.8,52.02,4.94,16.02,20.96,1483.23,37.5,9.68,1483.23,37.5,11.21,31.15,73.22,1.32,105.69,0.0464,False,False
1780910360.2103357,youtube_cal_oes_flood_prep_75c45a,youtube_cal_oes_flood_prep_75c45a.mp4,144,50.0,640,480,combined,detect_combined,Non-Flooded,resnet18,False,False,1,tensorrt,tensorrt,tensorrt,20.31,20.31,48.14,49.24,5.28,16.37,21.650000000000002,1483.11,49.0,9.68,1483.11,49.0,11.21,31.15,73.22,1.32,105.69,0.0499,False,False
1780910360.2892957,youtube_cal_oes_flood_prep_75c45a,youtube_cal_oes_flood_prep_75c45a.mp4,145,50.0,640,480,combined,detect_combined,Non-Flooded,resnet18,False,False,1,tensorrt,tensorrt,tensorrt,21.25,21.25,45.43,47.07,6.38,9.99,16.37,1483.11,43.5,9.68,1483.11,43.5,11.21,31.15,73.22,1.32,105.69,0.0403,False,False
1780910360.357563,youtube_cal_oes_flood_prep_75c45a,youtube_cal_oes_flood_prep_75c45a.mp4,146,50.0,640,480,combined,detect_combined,Non-Flooded,resnet18,False,False,1,tensorrt,tensorrt,tensorrt,25.86,25.86,37.63,38.67,4.99,8.65,13.64,1483.1,53.7,9.68,1483.1,53.7,11.21,31.15,73.22,1.32,105.69,0.0414,False,False
1780910360.4271975,youtube_cal_oes_flood_prep_75c45a,youtube_cal_oes_flood_prep_75c45a.mp4,147,50.0,640,480,combined,detect_combined,Non-Flooded,resnet18,False,False,1,tensorrt,tensorrt,tensorrt,26.87,26.87,36.11,37.22,4.89,11.67,16.56,1483.1,61.5,9.68,1483.1,61.5,11.21,31.15,73.22,1.32,105.69,0.031,False,False
1780910360.5013657,youtube_cal_oes_flood_prep_75c45a,youtube_cal_oes_flood_prep_75c45a.mp4,148,50.0,640,480,combined,detect_combined,Non-Flooded,resnet18,False,False,1,tensorrt,tensorrt,tensorrt,24.2,24.2,40.39,41.32,5.37,11.67,17.04,1483.1,60.0,9.98,1483.1,60.0,11.21,31.15,73.22,1.32,105.69,0.0234,False,False
1780910360.586754,youtube_cal_oes_flood_prep_75c45a,youtube_cal_oes_flood_prep_75c45a.mp4,149,50.0,640,480,combined,detect_combined,Non-Flooded,resnet18,False,False,1,tensorrt,tensorrt,tensorrt,21.11,21.11,46.07,47.38,4.41,15.51,19.92,1483.1,66.0,9.98,1483.1,66.0,11.21,31.15,73.22,1.32,105.69,0.032,False,False
1780910360.648055,youtube_cal_oes_flood_prep_75c45a,youtube_cal_oes_flood_prep_75c45a.mp4,150,50.0,640,480,combined,detect_combined,Non-Flooded,resnet18,False,False,1,tensorrt,tensorrt,tensorrt,26.18,26.18,37.26,38.2,6.08,8.24,14.32,1483.1,66.7,9.98,1483.1,66.7,11.21,31.15,73.22,1.32,105.69,0.0369,False,False
1780910360.7215867,youtube_cal_oes_flood_prep_75c45a,youtube_cal_oes_flood_prep_75c45a.mp4,151,50.0,640,480,combined,detect_combined,Non-Flooded,resnet18,False,False,1,tensorrt,tensorrt,tensorrt,20.26,20.26,48.27,49.35,5.08,11.63,16.71,1483.1,54.8,9.98,1483.1,54.8,11.21,31.15,73.22,1.32,105.69,0.0373,False,False
1780910360.8015096,youtube_cal_oes_flood_prep_75c45a,youtube_cal_oes_flood_prep_75c45a.mp4,152,50.0,640,480,combined,detect_combined,Non-Flooded,resnet18,False,False,1,tensorrt,tensorrt,tensorrt,22.28,22.28,43.94,44.89,4.53,15.15,19.68,1483.1,60.4,9.98,1483.1,60.4,11.21,31.15,73.22,1.32,105.69,0.05,False,False
1780910360.896956,youtube_cal_oes_flood_prep_75c45a,youtube_cal_oes_flood_prep_75c45a.mp4,153,50.0,640,480,combined,detect_combined,Non-Flooded,resnet18,False,False,1,tensorrt,tensorrt,tensorrt,15.14,15.14,64.91,66.03,4.36,13.46,17.82,1483.15,66.7,9.98,1483.15,66.7,11.21,31.15,73.22,1.32,105.69,0.0533,False,False
1780910360.9622273,youtube_cal_oes_flood_prep_75c45a,youtube_cal_oes_flood_prep_75c45a.mp4,154,50.0,640,480,combined,detect_combined,Non-Flooded,resnet18,False,False,1,tensorrt,tensorrt,tensorrt,26.46,26.46,36.86,37.79,4.61,8.44,13.05,1483.15,56.8,9.98,1483.15,56.8,11.21,31.15,73.22,1.32,105.69,0.0435,False,False
1780910361.0169322,youtube_cal_oes_flood_prep_75c45a,youtube_cal_oes_flood_prep_75c45a.mp4,155,50.0,640,480,combined,detect_combined,Non-Flooded,resnet18,False,False,1,tensorrt,tensorrt,tensorrt,32.5,32.5,29.72,30.77,4.66,8.57,13.23,1483.15,36.4,9.98,1483.15,36.4,11.21,31.15,73.22,1.32,105.69,0.0502,False,False
1780910361.0769756,youtube_cal_oes_flood_prep_75c45a,youtube_cal_oes_flood_prep_75c45a.mp4,156,50.0,640,480,combined,detect_combined,Non-Flooded,resnet18,False,False,1,tensorrt,tensorrt,tensorrt,29.34,29.34,33.14,34.09,5.87,12.33,18.2,1483.15,50.0,10.9,1483.15,50.0,11.21,31.15,73.22,1.32,105.69,0.0517,False,False
1780910361.133224,youtube_cal_oes_flood_prep_75c45a,youtube_cal_oes_flood_prep_75c45a.mp4,157,50.0,640,480,combined,detect_combined,Non-Flooded,resnet18,False,False,1,tensorrt,tensorrt,tensorrt,32.97,32.97,29.35,30.33,4.49,8.2,12.69,1483.13,36.4,10.9,1483.13,36.4,11.21,31.15,73.22,1.32,105.69,0.0365,False,False
1780910361.1903443,youtube_cal_oes_flood_prep_75c45a,youtube_cal_oes_flood_prep_75c45a.mp4,158,50.0,640,480,combined,detect_combined,Non-Flooded,resnet18,False,False,1,tensorrt,tensorrt,tensorrt,31.68,31.68,30.61,31.57,6.15,8.66,14.81,1483.11,48.6,10.9,1483.11,48.6,11.21,31.15,73.22,1.32,105.69,0.0444,False,False
1780910361.2692497,youtube_cal_oes_flood_prep_75c45a,youtube_cal_oes_flood_prep_75c45a.mp4,159,50.0,640,480,combined,detect_combined,Non-Flooded,resnet18,False,False,1,tensorrt,tensorrt,tensorrt,21.57,21.57,45.11,46.37,4.82,13.54,18.36,1483.11,31.2,10.9,1483.11,31.2,11.21,31.15,73.22,1.32,105.69,0.0399,False,False
1780910361.3562248,youtube_cal_oes_flood_prep_75c45a,youtube_cal_oes_flood_prep_75c45a.mp4,160,50.0,640,480,combined,detect_combined,Non-Flooded,resnet18,False,False,1,tensorrt,tensorrt,tensorrt,22.62,22.62,43.04,44.22,5.66,13.28,18.939999999999998,1483.11,35.3,10.9,1483.11,35.3,11.21,31.15,73.22,1.32,105.69,0.0446,False,False
1780910361.4513118,youtube_cal_oes_flood_prep_75c45a,youtube_cal_oes_flood_prep_75c45a.mp4,161,50.0,640,480,combined,detect_combined,Non-Flooded,resnet18,False,False,1,tensorrt,tensorrt,tensorrt,21.57,21.57,45.07,46.36,12.25,14.21,26.46,1483.11,35.8,10.9,1483.11,35.8,11.21,31.15,73.22,1.32,105.69,0.0529,False,False
1780910361.5271456,youtube_cal_oes_flood_prep_75c45a,youtube_cal_oes_flood_prep_75c45a.mp4,162,50.0,640,480,combined,detect_combined,Non-Flooded,resnet18,False,False,1,tensorrt,tensorrt,tensorrt,24.97,24.97,38.84,40.05,5.78,9.08,14.86,1483.11,40.0,10.9,1483.11,40.0,11.21,31.15,73.22,1.32,105.69,0.0396,False,False
1780910361.608556,youtube_cal_oes_flood_prep_75c45a,youtube_cal_oes_flood_prep_75c45a.mp4,163,50.0,640,480,combined,detect_combined,Non-Flooded,resnet18,False,False,1,tensorrt,tensorrt,tensorrt,23.19,23.19,41.8,43.12,5.07,12.33,17.4,1483.11,44.9,10.9,1483.11,44.9,11.21,31.15,73.22,1.32,105.69,0.0641,False,False
1780910361.6794384,youtube_cal_oes_flood_prep_75c45a,youtube_cal_oes_flood_prep_75c45a.mp4,164,50.0,640,480,combined,detect_combined,Non-Flooded,resnet18,False,False,1,tensorrt,tensorrt,tensorrt,28.06,28.06,34.66,35.64,4.7,8.06,12.760000000000002,1483.11,33.3,9.07,1483.11,33.3,11.21,31.15,73.22,1.32,105.69,0.0695,False,False
1780910361.7653563,youtube_cal_oes_flood_prep_75c45a,youtube_cal_oes_flood_prep_75c45a.mp4,165,50.0,640,480,combined,detect_combined,Non-Flooded,resnet18,False,False,1,tensorrt,tensorrt,tensorrt,22.56,22.56,43.04,44.33,5.51,14.02,19.53,1483.11,44.0,9.07,1483.11,44.0,11.21,31.15,73.22,1.32,105.69,0.0674,False,False
1780910361.8441913,youtube_cal_oes_flood_prep_75c45a,youtube_cal_oes_flood_prep_75c45a.mp4,166,50.0,640,480,combined,detect_combined,Non-Flooded,resnet18,False,False,1,tensorrt,tensorrt,tensorrt,21.79,21.79,44.98,45.89,5.87,12.97,18.84,1483.11,59.2,9.07,1483.11,59.2,11.21,31.15,73.22,1.32,105.69,0.0962,False,False
1780910361.920098,youtube_cal_oes_flood_prep_75c45a,youtube_cal_oes_flood_prep_75c45a.mp4,167,50.0,640,480,combined,detect_combined,Non-Flooded,resnet18,False,False,1,tensorrt,tensorrt,tensorrt,23.1,23.1,42.37,43.28,6.32,14.08,20.4,1482.79,51.1,9.07,1482.79,51.1,11.21,31.15,73.22,1.32,105.69,0.1058,False,False
1780910361.9899657,youtube_cal_oes_flood_prep_75c45a,youtube_cal_oes_flood_prep_75c45a.mp4,168,50.0,640,480,combined,detect_combined,Non-Flooded,resnet18,False,False,1,tensorrt,tensorrt,tensorrt,27.66,27.66,35.15,36.15,4.89,9.91,14.8,1482.77,55.0,9.07,1482.77,55.0,11.21,31.15,73.22,1.32,105.69,0.1,False,False
1780910362.054914,youtube_cal_oes_flood_prep_75c45a,youtube_cal_oes_flood_prep_75c45a.mp4,169,50.0,640,480,combined,detect_combined,Non-Flooded,resnet18,False,False,1,tensorrt,tensorrt,tensorrt,27.41,27.41,35.63,36.48,5.12,9.11,14.23,1482.77,48.6,9.07,1482.77,48.6,11.21,31.15,73.22,1.32,105.69,0.1077,False,False
1780910362.1222858,youtube_cal_oes_flood_prep_75c45a,youtube_cal_oes_flood_prep_75c45a.mp4,170,50.0,640,480,combined,detect_combined,Non-Flooded,resnet18,False,False,1,tensorrt,tensorrt,tensorrt,25.45,25.45,38.34,39.29,5.2,9.59,14.79,1482.77,54.8,9.07,1482.77,54.8,11.21,31.15,73.22,1.32,105.69,0.0995,False,False
1780910362.201293,youtube_cal_oes_flood_prep_75c45a,youtube_cal_oes_flood_prep_75c45a.mp4,171,50.0,640,480,combined,detect_combined,Non-Flooded,resnet18,False,False,1,tensorrt,tensorrt,tensorrt,20.26,20.26,48.21,49.36,5.22,14.19,19.41,1482.77,40.5,9.07,1482.77,40.5,11.21,31.15,73.22,1.32,105.69,0.0894,False,False
1780910362.2856803,youtube_cal_oes_flood_prep_75c45a,youtube_cal_oes_flood_prep_75c45a.mp4,172,50.0,640,480,combined,detect_combined,Non-Flooded,resnet18,False,False,1,tensorrt,tensorrt,tensorrt,22.31,22.31,43.81,44.83,6.55,14.69,21.24,1482.77,40.0,9.68,1482.77,40.0,11.21,31.15,73.22,1.32,105.69,0.0894,False,False
1780910362.359162,youtube_cal_oes_flood_prep_75c45a,youtube_cal_oes_flood_prep_75c45a.mp4,173,50.0,640,480,combined,detect_combined,Non-Flooded,resnet18,False,False,1,tensorrt,tensorrt,tensorrt,26.0,26.0,37.06,38.46,5.2,8.33,13.530000000000001,1482.77,38.1,9.68,1482.77,38.1,11.21,31.15,73.22,1.32,105.69,0.089,False,False
1780910362.4380379,youtube_cal_oes_flood_prep_75c45a,youtube_cal_oes_flood_prep_75c45a.mp4,174,50.0,640,480,combined,detect_combined,Non-Flooded,resnet18,False,False,1,tensorrt,tensorrt,tensorrt,23.57,23.57,41.29,42.42,6.19,12.7,18.89,1482.45,36.4,9.68,1482.45,36.4,11.21,31.15,73.22,1.32,105.69,0.0966,False,False
1780910362.518779,youtube_cal_oes_flood_prep_75c45a,youtube_cal_oes_flood_prep_75c45a.mp4,175,50.0,640,480,combined,detect_combined,Non-Flooded,resnet18,False,False,1,tensorrt,tensorrt,tensorrt,24.37,24.37,40.0,41.04,5.64,13.58,19.22,1482.45,34.0,9.68,1482.45,34.0,11.21,31.15,73.22,1.32,105.69,0.0922,False,False
1780910362.599711,youtube_cal_oes_flood_prep_75c45a,youtube_cal_oes_flood_prep_75c45a.mp4,176,50.0,640,480,combined,detect_combined,Non-Flooded,resnet18,False,False,1,tensorrt,tensorrt,tensorrt,22.37,22.37,43.57,44.7,6.21,14.62,20.83,1482.45,34.1,9.68,1482.45,34.1,11.21,31.15,73.22,1.32,105.69,0.098,False,False
1780910362.6906981,youtube_cal_oes_flood_prep_75c45a,youtube_cal_oes_flood_prep_75c45a.mp4,177,50.0,640,480,combined,detect_combined,Non-Flooded,resnet18,False,False,1,tensorrt,tensorrt,tensorrt,19.23,19.23,51.08,52.01,8.09,16.23,24.32,1482.44,35.8,9.68,1482.44,35.8,11.21,31.15,73.22,1.32,105.69,0.106,False,False
1780910362.7761974,youtube_cal_oes_flood_prep_75c45a,youtube_cal_oes_flood_prep_75c45a.mp4,178,50.0,640,480,combined,detect_combined,Non-Flooded,resnet18,False,False,1,tensorrt,tensorrt,tensorrt,20.4,20.4,47.67,49.03,6.68,16.59,23.27,1482.44,34.7,9.68,1482.44,34.7,11.21,31.15,73.22,1.32,105.69,0.086,False,False
1780910362.8567138,youtube_cal_oes_flood_prep_75c45a,youtube_cal_oes_flood_prep_75c45a.mp4,179,50.0,640,480,combined,detect_combined,Non-Flooded,resnet18,False,False,1,tensorrt,tensorrt,tensorrt,22.27,22.27,43.12,44.91,5.52,14.8,20.32,1482.44,39.5,8.76,1482.44,39.5,11.21,31.15,73.22,1.32,105.69,0.0904,False,False
1780910363.0876424,youtube_cal_oes_flood_prep_75c45a,youtube_cal_oes_flood_prep_75c45a.mp4,180,50.0,640,480,combined,detect_combined,Non-Flooded,resnet18,False,False,1,tensorrt,tensorrt,tensorrt,32.76,32.76,29.6,30.52,5.03,13.36,18.39,1482.44,34.3,8.76,1482.44,34.3,11.21,31.15,73.22,1.32,105.69,0.0585,False,False
1780910363.1741953,youtube_cal_oes_flood_prep_75c45a,youtube_cal_oes_flood_prep_75c45a.mp4,181,50.0,640,480,combined,detect_combined,Non-Flooded,resnet18,False,False,1,tensorrt,tensorrt,tensorrt,19.71,19.71,49.5,50.74,7.28,15.01,22.29,1482.44,51.0,8.76,1482.44,51.0,11.21,31.15,73.22,1.32,105.69,0.0558,False,False
1780910363.2565494,youtube_cal_oes_flood_prep_75c45a,youtube_cal_oes_flood_prep_75c45a.mp4,182,50.0,640,480,combined,detect_combined,Non-Flooded,resnet18,False,False,1,tensorrt,tensorrt,tensorrt,20.52,20.52,47.42,48.74,7.12,16.36,23.48,1482.44,61.2,8.76,1482.44,61.2,11.21,31.15,73.22,1.32,105.69,0.0491,False,False
1780910363.332063,youtube_cal_oes_flood_prep_75c45a,youtube_cal_oes_flood_prep_75c45a.mp4,183,50.0,640,480,combined,detect_combined,Non-Flooded,resnet18,False,False,1,tensorrt,tensorrt,tensorrt,23.93,23.93,40.01,41.78,5.25,12.72,17.97,1482.44,52.3,8.76,1482.44,52.3,11.21,31.15,73.22,1.32,105.69,0.0545,False,False
1780910363.4215877,youtube_cal_oes_flood_prep_75c45a,youtube_cal_oes_flood_prep_75c45a.mp4,184,50.0,640,480,combined,detect_combined,Non-Flooded,resnet18,False,False,1,tensorrt,tensorrt,tensorrt,19.4,19.4,50.36,51.54,5.33,16.42,21.75,1482.44,69.7,9.68,1482.44,69.7,11.21,31.15,73.22,1.32,105.69,0.0538,False,False
1780910363.4911237,youtube_cal_oes_flood_prep_75c45a,youtube_cal_oes_flood_prep_75c45a.mp4,185,50.0,640,480,combined,detect_combined,Non-Flooded,resnet18,False,False,1,tensorrt,tensorrt,tensorrt,24.58,24.58,39.36,40.68,5.85,15.97,21.82,1482.44,67.5,9.68,1482.44,67.5,11.21,31.15,73.22,1.32,105.69,0.0813,False,False
1780910363.558157,youtube_cal_oes_flood_prep_75c45a,youtube_cal_oes_flood_prep_75c45a.mp4,186,50.0,640,480,combined,detect_combined,Non-Flooded,resnet18,False,False,1,tensorrt,tensorrt,tensorrt,25.2,25.2,38.61,39.68,5.01,8.78,13.79,1482.44,52.4,9.68,1482.44,52.4,11.21,31.15,73.22,1.32,105.69,0.0922,False,False
1780910363.6228323,youtube_cal_oes_flood_prep_75c45a,youtube_cal_oes_flood_prep_75c45a.mp4,187,50.0,640,480,combined,detect_combined,Non-Flooded,resnet18,False,False,1,tensorrt,tensorrt,tensorrt,26.29,26.29,37.1,38.04,4.57,9.03,13.6,1482.44,40.0,9.68,1482.44,40.0,11.21,31.15,73.22,1.32,105.69,0.0924,False,False
1780910363.6881042,youtube_cal_oes_flood_prep_75c45a,youtube_cal_oes_flood_prep_75c45a.mp4,188,50.0,640,480,combined,detect_combined,Non-Flooded,resnet18,False,False,1,tensorrt,tensorrt,tensorrt,27.62,27.62,35.2,36.21,5.08,8.5,13.58,1482.44,53.7,9.68,1482.44,53.7,11.21,31.15,73.22,1.32,105.69,0.0919,False,False
1780910363.7634108,youtube_cal_oes_flood_prep_75c45a,youtube_cal_oes_flood_prep_75c45a.mp4,189,50.0,640,480,combined,detect_combined,Non-Flooded,resnet18,False,False,1,tensorrt,tensorrt,tensorrt,21.38,21.38,45.73,46.78,6.2,10.38,16.580000000000002,1482.44,52.2,9.68,1482.44,52.2,11.21,31.15,73.22,1.32,105.69,0.068,False,False
1780910363.8329315,youtube_cal_oes_flood_prep_75c45a,youtube_cal_oes_flood_prep_75c45a.mp4,190,50.0,640,480,combined,detect_combined,Non-Flooded,resnet18,False,False,1,tensorrt,tensorrt,tensorrt,27.7,27.7,34.92,36.1,4.17,13.09,17.259999999999998,1482.44,50.0,9.68,1482.44,50.0,11.21,31.15,73.22,1.32,105.69,0.0647,False,False
1780910363.9063952,youtube_cal_oes_flood_prep_75c45a,youtube_cal_oes_flood_prep_75c45a.mp4,191,50.0,640,480,combined,detect_combined,Non-Flooded,resnet18,False,False,1,tensorrt,tensorrt,tensorrt,24.47,24.47,39.87,40.87,6.31,10.1,16.41,1482.44,43.2,9.68,1482.44,43.2,11.21,31.15,73.22,1.32,105.69,0.06,False,False
1780910363.9865932,youtube_cal_oes_flood_prep_75c45a,youtube_cal_oes_flood_prep_75c45a.mp4,192,50.0,640,480,combined,detect_combined,Non-Flooded,resnet18,False,False,1,tensorrt,tensorrt,tensorrt,21.37,21.37,45.71,46.8,6.62,12.18,18.8,1482.44,36.2,9.98,1482.44,36.2,11.21,31.15,73.22,1.32,105.69,0.0804,False,False
1780910364.0782382,youtube_cal_oes_flood_prep_75c45a,youtube_cal_oes_flood_prep_75c45a.mp4,193,50.0,640,480,combined,detect_combined,Non-Flooded,resnet18,False,False,1,tensorrt,tensorrt,tensorrt,25.37,25.37,38.59,39.41,5.92,12.05,17.97,1482.44,43.6,9.98,1482.44,43.6,11.21,31.15,73.22,1.32,105.69,0.0686,False,False
1780910364.1600935,youtube_cal_oes_flood_prep_75c45a,youtube_cal_oes_flood_prep_75c45a.mp4,194,50.0,640,480,combined,detect_combined,Non-Flooded,resnet18,False,False,1,tensorrt,tensorrt,tensorrt,24.83,24.83,39.01,40.27,6.44,12.42,18.86,1482.44,38.0,9.98,1482.44,38.0,11.21,31.15,73.22,1.32,105.69,0.0812,False,False
1780910364.2542806,youtube_cal_oes_flood_prep_75c45a,youtube_cal_oes_flood_prep_75c45a.mp4,195,50.0,640,480,combined,detect_combined,Non-Flooded,resnet18,False,False,1,tensorrt,tensorrt,tensorrt,21.16,21.16,46.09,47.25,5.78,13.19,18.97,1482.44,53.7,9.98,1482.44,53.7,11.21,31.15,73.22,1.32,105.69,0.0442,False,False
1780910364.334103,youtube_cal_oes_flood_prep_75c45a,youtube_cal_oes_flood_prep_75c45a.mp4,196,50.0,640,480,combined,detect_combined,Non-Flooded,resnet18,False,False,1,tensorrt,tensorrt,tensorrt,22.73,22.73,42.93,43.99,7.6,15.56,23.16,1482.44,37.0,9.98,1482.44,37.0,11.21,31.15,73.22,1.32,105.69,0.0835,False,False
1780910364.4337292,youtube_cal_oes_flood_prep_75c45a,youtube_cal_oes_flood_prep_75c45a.mp4,197,50.0,640,480,combined,detect_combined,Non-Flooded,resnet18,False,False,1,tensorrt,tensorrt,tensorrt,23.0,23.0,41.99,43.48,6.53,13.36,19.89,1482.44,51.7,9.98,1482.44,51.7,11.21,31.15,73.22,1.32,105.69,0.07,False,False
1780910364.5166593,youtube_cal_oes_flood_prep_75c45a,youtube_cal_oes_flood_prep_75c45a.mp4,198,50.0,640,480,combined,detect_combined,Non-Flooded,resnet18,False,False,1,tensorrt,tensorrt,tensorrt,21.58,21.58,45.06,46.33,5.82,13.96,19.78,1482.43,60.9,9.98,1482.43,60.9,11.21,31.15,73.22,1.32,105.69,0.0567,False,False
1780910364.5991743,youtube_cal_oes_flood_prep_75c45a,youtube_cal_oes_flood_prep_75c45a.mp4,199,50.0,640,480,combined,detect_combined,Non-Flooded,resnet18,False,False,1,tensorrt,tensorrt,tensorrt,20.68,20.68,47.34,48.35,8.58,13.98,22.560000000000002,1482.43,59.6,9.68,1482.43,59.6,11.21,31.15,73.22,1.32,105.69,0.0471,False,False
1780910364.6781442,youtube_cal_oes_flood_prep_75c45a,youtube_cal_oes_flood_prep_75c45a.mp4,200,50.0,640,480,combined,detect_combined,Non-Flooded,resnet18,False,False,1,tensorrt,tensorrt,tensorrt,20.04,20.04,48.73,49.9,5.48,11.84,17.32,1482.43,63.8,9.68,1482.43,63.8,11.21,31.15,73.22,1.32,105.69,0.0472,False,False
1780910364.7609375,youtube_cal_oes_flood_prep_75c45a,youtube_cal_oes_flood_prep_75c45a.mp4,201,50.0,640,480,combined,detect_combined,Non-Flooded,resnet18,False,False,1,tensorrt,tensorrt,tensorrt,21.56,21.56,44.44,46.39,4.39,11.3,15.690000000000001,1482.43,66.0,9.68,1482.43,66.0,11.21,31.15,73.22,1.32,105.69,0.0421,False,False
1780910364.8245,youtube_cal_oes_flood_prep_75c45a,youtube_cal_oes_flood_prep_75c45a.mp4,202,50.0,640,480,combined,detect_combined,Non-Flooded,resnet18,False,False,1,tensorrt,tensorrt,tensorrt,26.85,26.85,36.24,37.24,4.57,10.11,14.68,1482.43,55.0,9.68,1482.43,55.0,11.21,31.15,73.22,1.32,105.69,0.0513,False,False
1780910364.8848546,youtube_cal_oes_flood_prep_75c45a,youtube_cal_oes_flood_prep_75c45a.mp4,203,50.0,640,480,combined,detect_combined,Non-Flooded,resnet18,False,False,1,tensorrt,tensorrt,tensorrt,29.05,29.05,33.42,34.42,4.73,8.58,13.31,1482.43,40.0,9.68,1482.43,40.0,11.21,31.15,73.22,1.32,105.69,0.0505,False,False
1780910364.954257,youtube_cal_oes_flood_prep_75c45a,youtube_cal_oes_flood_prep_75c45a.mp4,204,50.0,640,480,combined,detect_combined,Non-Flooded,resnet18,False,False,1,tensorrt,tensorrt,tensorrt,25.11,25.11,38.84,39.82,5.11,9.51,14.620000000000001,1482.43,39.0,9.68,1482.43,39.0,11.21,31.15,73.22,1.32,105.69,0.0439,False,False
1780910365.0258121,youtube_cal_oes_flood_prep_75c45a,youtube_cal_oes_flood_prep_75c45a.mp4,205,50.0,640,480,combined,detect_combined,Non-Flooded,resnet18,False,False,1,tensorrt,tensorrt,tensorrt,26.3,26.3,37.1,38.02,4.9,9.33,14.23,1482.43,37.5,9.68,1482.43,37.5,11.21,31.15,73.22,1.32,105.69,0.0392,False,False
1780910365.0946581,youtube_cal_oes_flood_prep_75c45a,youtube_cal_oes_flood_prep_75c45a.mp4,206,50.0,640,480,combined,detect_combined,Non-Flooded,resnet18,False,False,1,tensorrt,tensorrt,tensorrt,25.04,25.04,38.8,39.93,5.44,10.39,15.830000000000002,1482.43,41.0,9.68,1482.43,41.0,11.21,31.15,73.22,1.32,105.69,0.0346,False,False
1780910365.16729,youtube_cal_oes_flood_prep_75c45a,youtube_cal_oes_flood_prep_75c45a.mp4,207,50.0,640,480,combined,detect_combined,Non-Flooded,resnet18,False,False,1,tensorrt,tensorrt,tensorrt,27.25,27.25,35.5,36.7,5.3,12.55,17.85,1482.43,41.5,9.83,1482.43,41.5,11.21,31.15,73.22,1.32,105.69,0.0289,False,False
1780910365.2449677,youtube_cal_oes_flood_prep_75c45a,youtube_cal_oes_flood_prep_75c45a.mp4,208,50.0,640,480,combined,detect_combined,Non-Flooded,resnet18,False,False,1,tensorrt,tensorrt,tensorrt,22.6,22.6,43.03,44.24,5.3,11.54,16.84,1482.42,44.4,9.83,1482.42,44.4,11.21,31.15,73.22,1.32,105.69,0.0341,False,False
1780910365.3257093,youtube_cal_oes_flood_prep_75c45a,youtube_cal_oes_flood_prep_75c45a.mp4,209,50.0,640,480,combined,detect_combined,Non-Flooded,resnet18,False,False,1,tensorrt,tensorrt,tensorrt,23.16,23.16,42.34,43.18,6.72,13.85,20.57,1482.42,35.4,9.83,1482.42,35.4,11.21,31.15,73.22,1.32,105.69,0.0287,False,False
1780910365.4141173,youtube_cal_oes_flood_prep_75c45a,youtube_cal_oes_flood_prep_75c45a.mp4,210,50.0,640,480,combined,detect_combined,Non-Flooded,resnet18,False,False,1,tensorrt,tensorrt,tensorrt,23.01,23.01,42.07,43.46,7.45,15.39,22.84,1482.42,39.2,9.83,1482.42,39.2,11.21,31.15,73.22,1.32,105.69,0.0162,False,False
1780910365.498322,youtube_cal_oes_flood_prep_75c45a,youtube_cal_oes_flood_prep_75c45a.mp4,211,50.0,640,480,combined,detect_combined,Non-Flooded,resnet18,False,False,1,tensorrt,tensorrt,tensorrt,20.54,20.54,47.43,48.69,6.96,14.03,20.99,1482.42,44.0,9.83,1482.42,44.0,11.21,31.15,73.22,1.32,105.69,0.0167,False,False
1780910365.593505,youtube_cal_oes_flood_prep_75c45a,youtube_cal_oes_flood_prep_75c45a.mp4,212,50.0,640,480,combined,detect_combined,Non-Flooded,resnet18,False,False,1,tensorrt,tensorrt,tensorrt,17.67,17.67,55.17,56.59,6.91,20.93,27.84,1482.42,35.1,9.83,1482.42,35.1,11.21,31.15,73.22,1.32,105.69,0.024,False,False
1780910365.6898413,youtube_cal_oes_flood_prep_75c45a,youtube_cal_oes_flood_prep_75c45a.mp4,213,50.0,640,480,combined,detect_combined,Non-Flooded,resnet18,False,False,1,tensorrt,tensorrt,tensorrt,18.23,18.23,53.44,54.84,7.93,22.06,29.99,1482.42,52.6,9.83,1482.42,52.6,11.21,31.15,73.22,1.32,105.69,0.0264,False,False
1780910365.7810073,youtube_cal_oes_flood_prep_75c45a,youtube_cal_oes_flood_prep_75c45a.mp4,214,50.0,640,480,combined,detect_combined,Non-Flooded,resnet18,False,False,1,tensorrt,tensorrt,tensorrt,18.83,18.83,51.82,53.12,6.81,17.14,23.95,1482.42,52.8,8.92,1482.42,52.8,11.21,31.15,73.22,1.32,105.69,0.0196,False,False
1780910365.8906069,youtube_cal_oes_flood_prep_75c45a,youtube_cal_oes_flood_prep_75c45a.mp4,215,50.0,640,480,combined,detect_combined,Non-Flooded,resnet18,False,False,1,tensorrt,tensorrt,tensorrt,14.59,14.59,67.29,68.53,6.64,23.78,30.42,1482.42,63.6,8.92,1482.42,63.6,11.21,31.15,73.22,1.32,105.69,0.0378,False,False
1780910365.971114,youtube_cal_oes_flood_prep_75c45a,youtube_cal_oes_flood_prep_75c45a.mp4,216,50.0,640,480,combined,detect_combined,Non-Flooded,resnet18,False,False,1,tensorrt,tensorrt,tensorrt,20.69,20.69,47.37,48.33,5.93,22.69,28.62,1482.42,64.6,8.92,1482.42,64.6,11.21,31.15,73.22,1.32,105.69,0.0452,False,False
1780910366.0593119,youtube_cal_oes_flood_prep_75c45a,youtube_cal_oes_flood_prep_75c45a.mp4,217,50.0,640,480,combined,detect_combined,Non-Flooded,resnet18,False,False,1,tensorrt,tensorrt,tensorrt,19.98,19.98,49.0,50.06,7.94,18.8,26.740000000000002,1482.41,58.8,8.92,1482.41,58.8,11.21,31.15,73.22,1.32,105.69,0.0384,False,False
1780910366.1311119,youtube_cal_oes_flood_prep_75c45a,youtube_cal_oes_flood_prep_75c45a.mp4,218,50.0,640,480,combined,detect_combined,Non-Flooded,resnet18,False,False,1,tensorrt,tensorrt,tensorrt,23.87,23.87,40.81,41.89,4.43,10.57,15.0,1482.41,47.7,8.92,1482.41,47.7,11.21,31.15,73.22,1.32,105.69,0.0258,False,False
1780910366.2054,youtube_cal_oes_flood_prep_75c45a,youtube_cal_oes_flood_prep_75c45a.mp4,219,50.0,640,480,combined,detect_combined,Non-Flooded,resnet18,False,False,1,tensorrt,tensorrt,tensorrt,21.56,21.56,45.01,46.38,6.54,9.83,16.37,1482.41,45.7,8.92,1482.41,45.7,11.21,31.15,73.22,1.32,105.69,0.032,False,False
1780910366.2922366,youtube_cal_oes_flood_prep_75c45a,youtube_cal_oes_flood_prep_75c45a.mp4,220,50.0,640,480,combined,detect_combined,Non-Flooded,resnet18,False,False,1,tensorrt,tensorrt,tensorrt,22.01,22.01,44.22,45.43,8.71,12.34,21.05,1482.41,44.4,8.92,1482.41,44.4,11.21,31.15,73.22,1.32,105.69,0.0454,False,False
1780910366.3664618,youtube_cal_oes_flood_prep_75c45a,youtube_cal_oes_flood_prep_75c45a.mp4,221,50.0,640,480,combined,detect_combined,Non-Flooded,resnet18,False,False,1,tensorrt,tensorrt,tensorrt,24.61,24.61,39.5,40.63,5.5,8.87,14.37,1482.41,43.9,9.98,1482.41,43.9,11.21,31.15,73.22,1.32,105.69,0.0464,False,False
1780910366.4384043,youtube_cal_oes_flood_prep_75c45a,youtube_cal_oes_flood_prep_75c45a.mp4,222,50.0,640,480,combined,detect_combined,Non-Flooded,resnet18,False,False,1,tensorrt,tensorrt,tensorrt,23.29,23.29,41.76,42.93,4.93,9.67,14.6,1482.4,36.6,9.98,1482.4,36.6,11.21,31.15,73.22,1.32,105.69,0.0438,False,False
1780910366.5249135,youtube_cal_oes_flood_prep_75c45a,youtube_cal_oes_flood_prep_75c45a.mp4,223,50.0,640,480,combined,detect_combined,Non-Flooded,resnet18,False,False,1,tensorrt,tensorrt,tensorrt,21.86,21.86,44.48,45.75,6.32,13.84,20.16,1482.4,39.6,9.98,1482.4,39.6,11.21,31.15,73.22,1.32,105.69,0.0573,False,False
1780910366.6134765,youtube_cal_oes_flood_prep_75c45a,youtube_cal_oes_flood_prep_75c45a.mp4,224,50.0,640,480,combined,detect_combined,Non-Flooded,resnet18,False,False,1,tensorrt,tensorrt,tensorrt,20.92,20.92,46.55,47.79,9.61,15.14,24.75,1482.4,42.3,9.98,1482.4,42.3,11.21,31.15,73.22,1.32,105.69,0.0808,False,False
1780910366.6908035,youtube_cal_oes_flood_prep_75c45a,youtube_cal_oes_flood_prep_75c45a.mp4,225,50.0,640,480,combined,detect_combined,Non-Flooded,resnet18,False,False,1,tensorrt,tensorrt,tensorrt,26.64,26.64,36.69,37.54,5.23,17.04,22.27,1482.4,47.8,9.98,1482.4,47.8,11.21,31.15,73.22,1.32,105.69,0.0832,False,False
1780910366.7744882,youtube_cal_oes_flood_prep_75c45a,youtube_cal_oes_flood_prep_75c45a.mp4,226,50.0,640,480,combined,detect_combined,Non-Flooded,resnet18,False,False,1,tensorrt,tensorrt,tensorrt,20.81,20.81,47.01,48.06,5.72,17.27,22.99,1482.55,49.8,9.98,1482.55,49.8,11.21,31.15,73.22,1.32,105.69,0.1016,False,False
1780910366.846192,youtube_cal_oes_flood_prep_75c45a,youtube_cal_oes_flood_prep_75c45a.mp4,227,50.0,640,480,combined,detect_combined,Non-Flooded,resnet18,False,False,1,tensorrt,tensorrt,tensorrt,27.74,27.74,35.06,36.04,6.48,13.23,19.71,1482.55,61.9,9.98,1482.55,61.9,11.21,31.15,73.22,1.32,105.69,0.0733,False,False
1780910366.9262936,youtube_cal_oes_flood_prep_75c45a,youtube_cal_oes_flood_prep_75c45a.mp4,228,50.0,640,480,combined,detect_combined,Non-Flooded,resnet18,False,False,1,tensorrt,tensorrt,tensorrt,22.39,22.39,43.53,44.67,5.6,11.68,17.28,1482.55,68.1,10.14,1482.55,68.1,11.21,31.15,73.22,1.32,105.69,0.1002,False,False
1780910367.1079245,youtube_cal_oes_flood_prep_75c45a,youtube_cal_oes_flood_prep_75c45a.mp4,229,50.0,640,480,combined,detect_combined,Non-Flooded,resnet18,False,False,1,tensorrt,tensorrt,tensorrt,7.43,7.43,115.22,134.54,5.16,12.85,18.009999999999998,1482.55,74.3,10.14,1482.55,74.3,11.21,31.15,73.22,1.32,105.69,0.1009,False,False
