timestamp,fps,total_latency_ms,classification_ms,segmentation_ms,model_switch_latency_ms,memory_mb,cpu_percent,power_w,peak_memory_mb,peak_cpu_percent,peak_power_w,clf_load_ms,seg_load_ms,flood_ratio,warmup
1779786183.290769,24.22,40.35,14.39,25.95,40.34,1620.48,24.4,0.0,1620.49,44.7,0.0,777.0,539.96,0.3141,False
1779786183.3697028,24.22,36.38,11.46,24.92,36.38,1620.48,24.5,0.0,1620.49,44.7,0.0,777.0,539.96,0.3141,False
1779786183.4502046,24.22,39.93,12.12,27.81,39.93,1620.48,29.2,0.0,1620.49,44.7,0.0,777.0,539.96,0.3141,False
1779786183.533056,24.22,41.43,15.04,26.39,41.43,1620.48,25.0,0.0,1620.49,44.7,0.0,777.0,539.96,0.3141,False
1779786183.6082978,24.22,37.17,9.82,27.36,37.18,1620.48,32.6,0.0,1620.49,44.7,0.0,777.0,539.96,0.3141,False
1779786183.6862373,24.22,40.21,13.48,26.74,40.22,1620.48,23.9,0.0,1620.49,44.7,0.0,777.0,539.96,0.3141,False
1779786183.7671263,24.22,40.16,15.91,24.24,40.15,1620.48,29.8,0.0,1620.49,44.7,0.0,777.0,539.96,0.3141,False
1779786183.8377104,24.39,35.44,9.79,25.66,35.45,1620.48,39.0,0.0,1620.49,44.7,0.0,777.0,539.96,0.3141,False
1779786183.9077709,24.39,35.79,10.46,25.34,35.8,1620.48,46.5,0.0,1620.49,46.5,0.0,777.0,539.96,0.3141,False
1779786184.510777,24.39,40.94,13.92,27.02,40.94,1620.48,43.5,7.39,1620.49,46.5,7.39,777.0,539.96,0.3141,False
1779786184.6197667,24.39,64.22,26.5,37.72,64.22,1620.48,10.2,7.39,1620.49,46.5,7.39,777.0,539.96,0.3141,False
1779786184.7161057,24.39,50.51,19.9,30.62,50.52,1620.48,33.3,7.39,1620.49,46.5,7.39,777.0,539.96,0.3141,False
1779786184.8004541,24.39,44.35,11.81,32.53,44.34,1620.48,21.3,7.39,1620.49,46.5,7.39,777.0,539.96,0.3141,False
1779786184.8939216,20.98,50.16,25.66,24.5,50.16,1620.48,31.0,7.39,1620.49,46.5,7.39,777.0,539.96,0.3141,False
1779786184.9729116,20.98,39.15,10.07,29.08,39.15,1620.48,25.0,7.39,1620.49,46.5,7.39,777.0,539.96,0.3141,False
1779786185.066933,20.98,56.84,18.35,38.49,56.84,1620.48,30.9,7.39,1620.49,46.5,7.39,777.0,539.96,0.3141,False
1779786185.1567662,20.98,51.87,22.83,29.05,51.88,1620.48,32.7,7.39,1620.49,46.5,7.39,777.0,539.96,0.3141,False
1779786185.231536,20.98,36.94,10.09,26.85,36.94,1620.48,25.0,7.39,1620.49,46.5,7.39,777.0,539.96,0.3141,False
1779786185.3153613,20.98,44.57,14.96,29.61,44.57,1620.48,30.8,7.39,1620.49,46.5,7.39,777.0,539.96,0.3141,False
1779786185.3922274,20.98,37.57,11.09,26.48,37.57,1620.48,27.3,7.39,1620.49,46.5,7.39,777.0,539.96,0.3141,False
1779786185.4677303,20.98,37.46,10.58,26.88,37.46,1620.47,26.1,7.39,1620.49,46.5,7.39,777.0,539.96,0.3141,False
1779786185.550841,20.98,45.02,15.52,29.51,45.03,1620.47,31.3,7.39,1620.49,46.5,7.39,777.0,539.96,0.3141,False
1779786185.63064,20.98,36.88,11.41,25.47,36.88,1620.47,26.5,7.39,1620.49,46.5,7.39,777.0,539.96,0.3141,False
1779786185.7145207,20.98,44.28,14.07,30.21,44.28,1620.47,25.0,7.39,1620.49,46.5,7.39,777.0,539.96,0.3141,False
1779786185.7974832,20.98,45.91,11.87,34.04,45.91,1620.47,33.3,7.39,1620.49,46.5,7.39,777.0,539.96,0.3141,False
1779786185.8792922,20.98,42.84,15.41,27.42,42.83,1620.47,27.1,7.39,1620.49,46.5,7.39,777.0,539.96,0.3141,False
1779786185.9530632,23.43,35.43,9.74,25.69,35.43,1620.47,27.9,7.39,1620.49,46.5,7.39,777.0,539.96,0.3141,False
1779786186.0327373,23.43,41.48,15.91,25.57,41.48,1620.47,31.2,7.39,1620.49,46.5,7.39,777.0,539.96,0.3141,False
1779786186.1096575,23.43,37.68,13.34,24.34,37.68,1620.47,24.4,7.39,1620.49,46.5,7.39,777.0,539.96,0.3141,False
1779786186.1838672,23.43,35.74,9.83,25.91,35.74,1620.47,28.9,7.39,1620.49,46.5,7.39,777.0,539.96,0.3141,False
1779786186.2612045,23.43,38.86,13.27,25.59,38.86,1620.47,28.9,7.39,1620.49,46.5,7.39,777.0,539.96,0.3141,False
1779786186.3434522,23.43,39.65,12.13,27.52,39.65,1620.47,30.0,7.39,1620.49,46.5,7.39,777.0,539.96,0.3141,False
1779786186.4219182,23.43,37.07,10.62,26.45,37.07,1620.47,33.3,7.39,1620.49,46.5,7.39,777.0,539.96,0.3141,False
1779786186.4997509,23.43,36.95,10.62,26.33,36.95,1620.47,26.1,7.39,1620.49,46.5,7.39,777.0,539.96,0.3141,False
1779786186.5826292,23.43,40.11,11.1,29.01,40.11,1620.47,28.0,7.39,1620.49,46.5,7.39,777.0,539.96,0.3141,False
1779786186.6601825,23.43,39.49,14.7,24.79,39.49,1620.47,36.0,7.39,1620.49,46.5,7.39,777.0,539.96,0.3141,False
1779786186.738919,23.43,37.21,11.02,26.18,37.2,1620.47,22.2,7.39,1620.49,46.5,7.39,777.0,539.96,0.3141,False
1779786186.8149586,23.43,36.85,10.05,26.8,36.85,1620.47,30.4,7.39,1620.49,46.5,7.39,777.0,539.96,0.3141,False
1779786186.8910613,23.43,36.66,11.28,25.38,36.66,1620.47,31.1,7.39,1620.49,46.5,7.39,777.0,539.96,0.3141,False
1779786187.4963543,26.15,39.32,13.3,26.02,39.32,1620.46,23.9,7.23,1620.49,46.5,7.39,777.0,539.96,0.3141,False
1779786187.6107063,26.15,67.46,27.33,40.14,67.47,1620.46,8.1,7.23,1620.49,46.5,7.39,777.0,539.96,0.3141,False
1779786187.7134607,26.15,59.3,27.87,31.43,59.3,1620.46,35.5,7.23,1620.49,46.5,7.39,777.0,539.96,0.3141,False
1779786187.802049,26.15,48.9,12.37,36.52,48.89,1620.46,26.4,7.23,1620.49,46.5,7.39,777.0,539.96,0.3141,False
1779786187.8913403,26.15,48.04,22.39,25.65,48.04,1620.46,30.2,7.23,1620.49,46.5,7.39,777.0,539.96,0.3141,False
1779786187.978506,18.56,45.73,16.12,29.61,45.73,1620.46,30.8,7.23,1620.49,46.5,7.39,777.0,539.96,0.3141,False
1779786188.0656023,18.56,46.48,14.47,32.02,46.49,1620.46,28.8,7.23,1620.49,46.5,7.39,777.0,539.96,0.3141,False
1779786188.148303,18.56,45.03,14.41,30.62,45.03,1620.46,32.7,7.23,1620.49,46.5,7.39,777.0,539.96,0.3141,False
1779786188.2205048,18.56,35.95,9.62,26.33,35.95,1620.46,25.6,7.23,1620.49,46.5,7.39,777.0,539.96,0.3141,False
1779786188.304519,18.56,43.9,10.64,33.26,43.9,1620.46,28.0,7.23,1620.49,46.5,7.39,777.0,539.96,0.3141,False
1779786188.3824568,18.56,39.55,14.98,24.58,39.56,1620.46,36.2,7.23,1620.49,46.5,7.39,777.0,539.96,0.3141,False
1779786188.45858,18.56,41.26,15.39,25.87,41.26,1620.46,28.9,7.23,1620.49,46.5,7.39,777.0,539.96,0.3141,False
1779786188.540242,18.56,45.29,10.66,34.64,45.3,1620.46,29.2,7.23,1620.49,46.5,7.39,777.0,539.96,0.3141,False
1779786188.61989,18.56,40.47,15.68,24.78,40.46,1620.46,31.2,7.23,1620.49,46.5,7.39,777.0,539.96,0.3141,False
1779786188.691201,18.56,35.42,9.76,25.65,35.41,1620.46,24.4,7.23,1620.49,46.5,7.39,777.0,539.96,0.3141,False
1779786188.7707074,18.56,40.35,13.8,26.56,40.36,1620.46,25.5,7.23,1620.49,46.5,7.39,777.0,539.96,0.3141,False
1779786188.8457503,18.56,35.43,9.62,25.81,35.43,1620.46,32.6,7.23,1620.49,46.5,7.39,777.0,539.96,0.3141,False
1779786188.926961,18.56,39.39,14.13,25.26,39.39,1620.46,27.1,7.23,1620.49,46.5,7.39,777.0,539.96,0.3141,False
1779786189.0044227,24.6,39.89,13.33,26.57,39.9,1620.46,31.9,7.23,1620.49,46.5,7.39,777.0,539.96,0.3141,False
1779786189.0803146,24.6,37.52,11.54,25.98,37.52,1620.46,24.4,7.23,1620.49,46.5,7.39,777.0,539.96,0.3141,False
1779786189.1576686,24.6,37.97,10.82,27.15,37.97,1620.46,27.7,7.23,1620.49,46.5,7.39,777.0,539.96,0.3141,False
1779786189.235695,24.6,40.52,13.88,26.64,40.52,1620.46,39.1,7.23,1620.49,46.5,7.39,777.0,539.96,0.3141,False
1779786189.30203,24.6,34.33,9.66,24.67,34.33,1620.46,40.5,7.23,1620.49,46.5,7.39,777.0,539.96,0.3141,False
1779786189.3741987,24.6,35.79,10.32,25.47,35.79,1620.46,45.2,7.23,1620.49,46.5,7.39,777.0,539.96,0.3141,False
1779786189.4488606,24.6,40.42,11.0,29.42,40.42,1620.46,41.9,7.23,1620.49,46.5,7.39,777.0,539.96,0.3141,False
1779786189.525278,24.6,36.63,12.46,24.17,36.63,1620.46,26.7,7.23,1620.49,46.5,7.39,777.0,539.96,0.3141,False
1779786189.6003988,24.6,35.75,9.79,25.96,35.75,1620.46,25.5,7.23,1620.49,46.5,7.39,777.0,539.96,0.3141,False
1779786189.6823688,24.6,39.54,10.14,29.39,39.53,1620.46,29.2,7.23,1620.49,46.5,7.39,777.0,539.96,0.3141,False
1779786189.7630444,24.6,37.76,10.65,27.11,37.76,1620.46,25.0,7.23,1620.49,46.5,7.39,777.0,539.96,0.3141,False
1779786189.846837,24.6,44.31,14.8,29.51,44.31,1620.46,28.0,7.23,1620.49,46.5,7.39,777.0,539.96,0.3141,False
1779786190.4592545,24.6,43.31,15.56,27.75,43.31,1620.46,31.4,7.23,1620.49,46.5,7.39,777.0,539.96,0.3141,False
1779786190.5543365,25.17,52.71,24.56,28.15,52.71,1620.46,7.8,7.23,1620.49,46.5,7.39,777.0,539.96,0.3141,False
1779786190.6453764,25.17,52.54,11.65,40.89,52.54,1620.46,27.8,7.23,1620.49,46.5,7.39,777.0,539.96,0.3141,False
1779786190.7258115,25.17,45.77,20.55,25.23,45.78,1620.46,36.2,7.23,1620.49,46.5,7.39,777.0,539.96,0.3141,False
1779786190.8049293,25.17,46.28,10.79,35.5,46.29,1620.46,31.2,7.23,1620.49,46.5,7.39,777.0,539.96,0.3141,False
1779786190.8868423,25.17,45.85,13.31,32.54,45.85,1620.46,27.1,7.23,1620.49,46.5,7.39,777.0,539.96,0.3141,False
1779786190.9660175,25.17,45.21,9.42,35.78,45.2,1620.46,35.4,7.23,1620.49,46.5,7.39,777.0,539.96,0.3141,False
1779786191.0520637,25.17,47.39,15.02,32.38,47.4,1620.46,28.8,7.23,1620.49,46.5,7.39,777.0,539.96,0.3141,False
1779786191.1340642,25.17,44.54,13.38,31.16,44.54,1620.46,25.5,7.23,1620.49,46.5,7.39,777.0,539.96,0.3141,False
1779786191.2129874,25.17,40.4,12.72,27.68,40.4,1620.46,31.2,7.23,1620.49,46.5,7.39,777.0,539.96,0.3141,False
1779786191.3007834,25.17,46.42,14.34,32.09,46.43,1620.46,30.2,7.23,1620.49,46.5,7.39,777.0,539.96,0.3141,False
1779786695.2644725,25.24,34.5,9.59,24.9,34.49,1610.52,20.5,0.0,1610.53,30.4,0.0,761.56,531.91,0.3141,False
1779786695.3443902,25.24,40.6,14.08,26.51,40.59,1610.52,26.0,0.0,1610.53,30.4,0.0,761.56,531.91,0.3141,False
1779786695.4238555,25.24,39.69,12.71,26.98,39.69,1610.52,23.4,0.0,1610.53,30.4,0.0,761.56,531.91,0.3141,False
1779786695.51268,25.24,42.39,13.67,28.72,42.39,1610.52,29.1,0.0,1610.53,30.4,0.0,761.56,531.91,0.3141,False
1779786695.5926936,25.24,42.98,15.66,27.33,42.99,1610.52,31.2,0.0,1610.53,31.2,0.0,761.56,531.91,0.3141,False
1779786695.6676967,25.24,35.66,9.66,25.99,35.65,1610.52,26.1,0.0,1610.53,31.2,0.0,761.56,531.91,0.3141,False
1779786695.7490375,25.24,42.96,15.84,27.12,42.96,1610.52,28.0,0.0,1610.53,31.2,0.0,761.56,531.91,0.3141,False
1779786695.836054,25.07,44.41,18.57,25.85,44.42,1610.52,26.4,0.0,1610.53,31.2,0.0,761.56,531.91,0.3141,False
1779786695.9153383,25.07,38.38,13.57,24.81,38.38,1610.52,28.6,0.0,1610.53,31.2,0.0,761.56,531.91,0.3141,False
1779786696.5129452,25.07,36.31,10.95,25.36,36.31,1610.52,23.3,7.08,1610.53,31.2,7.08,761.56,531.91,0.3141,False
1779786696.604479,25.07,48.35,23.44,24.91,48.35,1610.52,5.4,7.08,1610.53,31.2,7.08,761.56,531.91,0.3141,False
1779786696.6949358,25.07,57.38,10.27,47.11,57.38,1610.52,26.4,7.08,1610.53,31.2,7.08,761.56,531.91,0.3141,False
1779786696.784786,25.07,55.66,28.56,27.1,55.66,1610.52,32.7,7.08,1610.53,32.7,7.08,761.56,531.91,0.3141,False
1779786696.857472,21.64,41.16,11.12,30.04,41.16,1610.52,27.3,7.08,1610.53,32.7,7.08,761.56,531.91,0.3141,False
1779786696.9415135,21.64,50.75,11.69,39.06,50.75,1610.52,32.7,7.08,1610.53,32.7,7.08,761.56,531.91,0.3141,False
1779786697.0196028,21.64,43.79,19.38,24.41,43.79,1610.52,27.7,7.08,1610.53,32.7,7.08,761.56,531.91,0.3141,False
1779786697.096849,21.64,42.8,10.18,32.62,42.8,1610.52,28.9,7.08,1610.53,32.7,7.08,761.56,531.91,0.3141,False
1779786697.168886,21.64,39.86,14.21,25.65,39.86,1610.52,25.6,7.08,1610.53,32.7,7.08,761.56,531.91,0.3141,False
1779786697.2370203,21.64,36.35,9.59,26.76,36.35,1610.52,25.0,7.08,1610.53,32.7,7.08,761.56,531.91,0.3141,False
1779786697.3158677,21.64,44.76,10.52,34.24,44.76,1610.52,30.6,7.08,1610.53,32.7,7.08,761.56,531.91,0.3141,False
1779786697.3897672,21.64,41.77,13.16,28.61,41.77,1610.51,26.2,7.08,1610.53,32.7,7.08,761.56,531.91,0.3141,False
1779786697.456704,21.64,35.73,9.55,26.18,35.73,1610.51,25.0,7.08,1610.53,32.7,7.08,761.56,531.91,0.3141,False
1779786697.5292876,21.64,41.36,10.57,30.79,41.36,1610.51,31.1,7.08,1610.53,32.7,7.08,761.56,531.91,0.3141,False
1779786697.6027794,21.64,40.47,10.58,29.89,40.47,1610.51,27.3,7.08,1610.53,32.7,7.08,761.56,531.91,0.3141,False
1779786697.675288,21.64,41.23,11.01,30.23,41.24,1610.51,25.6,7.08,1610.53,32.7,7.08,761.56,531.91,0.3141,False
1779786697.748085,21.64,41.51,10.44,31.07,41.51,1610.51,33.3,7.08,1610.53,33.3,7.08,761.56,531.91,0.3141,False
1779786697.8207026,21.64,41.16,11.81,29.35,41.16,1610.51,23.8,7.08,1610.53,33.3,7.08,761.56,531.91,0.3141,False
1779786697.8867414,24.29,34.76,9.43,25.33,34.76,1610.51,31.0,7.08,1610.53,33.3,7.08,761.56,531.91,0.3141,False
1779786697.9569814,24.29,38.9,11.35,27.56,38.91,1610.51,24.4,7.08,1610.53,33.3,7.08,761.56,531.91,0.3141,False
1779786698.022321,24.29,34.0,9.39,24.6,33.99,1610.51,26.3,7.08,1610.53,33.3,7.08,761.56,531.91,0.3141,False
1779786698.0926611,24.29,36.78,9.95,26.83,36.78,1610.51,29.3,7.08,1610.53,33.3,7.08,761.56,531.91,0.3141,False
1779786698.167352,24.29,42.59,10.49,32.1,42.59,1610.51,28.9,7.08,1610.53,33.3,7.08,761.56,531.91,0.3141,False
1779786698.2410867,24.29,41.69,10.53,31.16,41.69,1610.51,27.9,7.08,1610.53,33.3,7.08,761.56,531.91,0.3141,False
1779786698.316251,24.29,41.18,10.57,30.61,41.18,1610.51,32.6,7.08,1610.53,33.3,7.08,761.56,531.91,0.3141,False
1779786698.381066,24.29,33.48,9.44,24.05,33.49,1610.51,27.5,7.08,1610.53,33.3,7.08,761.56,531.91,0.3141,False
1779786698.4571865,24.29,43.74,14.96,28.78,43.74,1610.51,35.6,7.08,1610.53,35.6,7.08,761.56,531.91,0.3141,False
1779786698.528772,24.29,36.59,10.6,25.99,36.59,1610.51,38.1,7.08,1610.53,38.1,7.08,761.56,531.91,0.3141,False
1779786698.6057155,24.29,43.33,11.12,32.2,43.32,1610.51,30.4,7.08,1610.53,38.1,7.08,761.56,531.91,0.3141,False
1779786698.683861,24.29,44.64,9.95,34.69,44.64,1610.51,45.7,7.08,1610.53,45.7,7.08,761.56,531.91,0.3141,False
1779786699.2868702,24.29,46.77,11.46,35.31,46.77,1610.51,46.7,7.39,1610.53,46.7,7.39,761.56,531.91,0.3141,False
1779786699.3753197,24.44,48.18,20.99,27.19,48.18,1610.51,8.2,7.39,1610.53,46.7,7.39,761.56,531.91,0.3141,False
1779786699.4602506,24.44,49.52,12.8,36.73,49.53,1610.51,37.7,7.39,1610.53,46.7,7.39,761.56,531.91,0.3141,False
1779786699.5436969,24.44,47.44,22.87,24.57,47.44,1610.51,62.0,7.39,1610.53,62.0,7.39,761.56,531.91,0.3141,False
1779786699.6184168,24.44,42.5,11.07,31.42,42.49,1610.51,51.1,7.39,1610.53,62.0,7.39,761.56,531.91,0.3141,False
1779786699.6964042,24.44,41.91,11.63,30.28,41.91,1610.5,44.4,7.39,1610.53,62.0,7.39,761.56,531.91,0.3141,False
1779786699.7683876,24.44,37.49,12.49,25.01,37.5,1610.5,40.5,7.39,1610.53,62.0,7.39,761.56,531.91,0.3141,False
1779786699.8459332,24.44,44.1,10.58,33.53,44.11,1610.5,30.6,7.39,1610.53,62.0,7.39,761.56,531.91,0.3141,False
1779786699.926372,24.44,42.15,13.51,28.64,42.15,1610.5,28.6,7.39,1610.53,62.0,7.39,761.56,531.91,0.3141,False
1779786699.9983876,24.44,36.16,9.63,26.53,36.16,1610.5,23.8,7.39,1610.53,62.0,7.39,761.56,531.91,0.3141,False
1779786700.0780003,24.44,38.72,13.45,25.27,38.72,1610.5,27.1,7.39,1610.53,62.0,7.39,761.56,531.91,0.3141,False
1779786700.1565058,24.44,39.2,14.14,25.06,39.2,1610.5,22.2,7.39,1610.53,62.0,7.39,761.56,531.91,0.3141,False
1779786700.2453113,24.44,45.75,15.59,30.15,45.74,1610.5,27.8,7.39,1610.53,62.0,7.39,761.56,531.91,0.3141,False
1779786700.3327029,24.44,44.87,13.72,31.15,44.87,1610.5,28.8,7.39,1610.53,62.0,7.39,761.56,531.91,0.3141,False
1779786700.404887,23.85,35.14,9.71,25.43,35.14,1610.5,27.3,7.39,1610.53,62.0,7.39,761.56,531.91,0.3141,False
1779786700.4817042,23.85,40.54,13.87,26.67,40.54,1610.5,25.0,7.39,1610.53,62.0,7.39,761.56,531.91,0.3141,False
1779786700.5631015,23.85,40.99,15.1,25.89,40.99,1610.5,24.5,7.39,1610.53,62.0,7.39,761.56,531.91,0.3141,False
1779786700.6371593,23.85,35.19,9.56,25.64,35.2,1610.5,26.7,7.39,1610.53,62.0,7.39,761.56,531.91,0.3141,False
1779786700.7137413,23.85,39.95,13.29,26.66,39.95,1610.5,29.8,7.39,1610.53,62.0,7.39,761.56,531.91,0.3141,False
1779786700.793429,23.85,39.64,13.31,26.34,39.65,1610.5,21.7,7.39,1610.53,62.0,7.39,761.56,531.91,0.3141,False
1779786700.8691783,23.85,36.3,11.17,25.13,36.3,1610.5,24.4,7.39,1610.53,62.0,7.39,761.56,531.91,0.3141,False
1779786700.9474378,23.85,40.83,15.02,25.82,40.84,1610.5,27.7,7.39,1610.53,62.0,7.39,761.56,531.91,0.3141,False
1779786701.023869,23.85,35.82,10.52,25.3,35.82,1610.5,26.7,7.39,1610.53,62.0,7.39,761.56,531.91,0.3141,False
1779786701.0989306,23.85,36.15,10.97,25.18,36.15,1610.5,24.4,7.39,1610.53,62.0,7.39,761.56,531.91,0.3141,False
1779786701.1800346,23.85,41.2,15.07,26.13,41.2,1610.5,27.1,7.39,1610.53,62.0,7.39,761.56,531.91,0.3141,False
1779786701.2592063,23.85,38.16,13.23,24.93,38.16,1610.5,29.4,7.39,1610.53,62.0,7.39,761.56,531.91,0.3141,False
1779786701.3310459,23.85,34.98,9.61,25.37,34.98,1610.5,29.3,7.39,1610.53,62.0,7.39,761.56,531.91,0.3141,False
1779786701.4053288,26.19,36.63,10.37,26.26,36.63,1610.5,25.6,7.39,1610.53,62.0,7.39,761.56,531.91,0.3141,False
1779786701.4812481,26.19,35.23,10.84,24.39,35.23,1610.5,23.9,7.39,1610.53,62.0,7.39,761.56,531.91,0.3141,False
1779786701.5607288,26.19,39.57,11.46,28.11,39.57,1610.5,29.2,7.39,1610.53,62.0,7.39,761.56,531.91,0.3141,False
1779786702.1631553,26.19,38.24,10.55,27.69,38.24,1610.5,26.7,7.23,1610.53,62.0,7.39,761.56,531.91,0.3141,False
1779786702.265253,26.19,58.59,22.96,35.64,58.6,1610.5,7.2,7.23,1610.53,62.0,7.39,761.56,531.91,0.3141,False
1779786702.3483684,26.19,43.97,12.87,31.1,43.97,1610.5,22.9,7.23,1610.53,62.0,7.39,761.56,531.91,0.3141,False
1779786702.4416885,22.46,51.58,25.15,26.43,51.58,1610.5,25.5,7.23,1610.53,62.0,7.39,761.56,531.91,0.3141,False
1779786702.5257845,22.46,43.62,10.14,33.47,43.61,1610.5,26.5,7.23,1610.53,62.0,7.39,761.56,531.91,0.3141,False
1779786702.6310492,22.46,60.94,22.45,38.49,60.94,1610.5,34.9,7.23,1610.53,62.0,7.39,761.56,531.91,0.3141,False
1779786702.7066119,22.46,38.68,11.24,27.44,38.68,1610.5,28.3,7.23,1610.53,62.0,7.39,761.56,531.91,0.3141,False
1779786702.7926145,22.46,46.13,13.68,32.45,46.13,1610.5,32.1,7.23,1610.53,62.0,7.39,761.56,531.91,0.3141,False
1779786702.8626585,22.46,34.7,9.67,25.03,34.7,1610.5,22.5,7.23,1610.53,62.0,7.39,761.56,531.91,0.3141,False
1779786702.9441357,22.46,42.37,15.29,27.08,42.37,1610.5,28.0,7.23,1610.53,62.0,7.39,761.56,531.91,0.3141,False
1779786703.0306945,22.46,45.2,15.21,29.99,45.2,1610.5,27.5,7.23,1610.53,62.0,7.39,761.56,531.91,0.3141,False
