timestamp,fps,total_latency_ms,classification_ms,segmentation_ms,memory_mb,cpu_percent,flood_ratio
1779426903.8442178,2.01,526.33,166.03,219.42,633.82,61.6,0.3116
1779426904.3557525,1.88,482.57,136.12,201.26,633.13,48.1,0.3116
1779426904.870161,1.88,485.77,144.17,200.17,633.76,45.0,0.3116
1779426905.3842986,1.94,486.88,134.23,211.26,633.36,47.3,0.3116
1779426905.9604506,1.94,549.15,146.39,261.79,633.32,64.9,0.3116
1779426906.5066698,1.78,512.89,146.0,217.16,633.22,57.6,0.3116
1779426907.0260746,1.78,487.55,137.01,209.15,633.25,42.7,0.3116
1779426907.5409274,1.93,487.95,141.39,205.27,633.89,45.9,0.3116
1779426908.0574481,1.93,488.75,134.17,213.59,633.53,55.2,0.3116
1779426908.5637226,1.96,478.71,134.08,203.54,633.51,53.5,0.3116
1779426909.076834,1.96,482.86,145.52,197.16,633.4,53.6,0.3116
1779426909.580593,1.97,472.1,127.02,203.71,633.48,52.7,0.3116
1779426910.0894473,1.97,481.48,128.21,213.07,633.14,49.8,0.3116
1779426910.6002536,1.96,476.83,132.03,192.56,633.72,41.9,0.3116
1779426911.0844464,1.96,452.98,123.76,188.88,633.63,42.5,0.3116
1779426911.5583963,1.96,444.67,117.13,187.17,633.38,40.9,0.3116
1779426912.0451825,2.08,451.07,119.21,190.91,633.32,44.9,0.3116
1779426912.5463161,2.08,472.17,136.28,195.04,632.45,44.3,0.3116
1779426913.0583353,1.97,482.55,139.91,202.31,633.39,48.6,0.3116
1779426913.5509512,1.97,466.35,129.02,196.37,634.69,39.5,0.3116
1779426914.063785,1.99,485.79,142.46,200.22,634.01,42.0,0.3116
1779426914.5455363,1.99,455.12,109.09,189.93,633.72,42.5,0.3116
1779426915.0083635,1.99,433.0,105.88,186.79,633.77,43.7,0.3116
1779426915.4982688,2.09,457.63,120.53,196.27,633.7,43.9,0.3116
1779426915.98342,2.09,453.54,119.89,193.26,633.7,43.9,0.3116
1779426916.483179,2.09,470.42,124.86,204.42,633.37,38.1,0.3116
1779426916.9878,2.01,477.73,129.13,198.65,633.38,39.9,0.3116
1779426917.5085871,2.01,490.09,133.08,204.63,634.05,39.2,0.3116
1779426918.0067418,1.96,471.07,136.78,193.31,633.73,45.3,0.3116
1779426918.5305095,1.96,492.34,145.16,206.13,633.61,51.7,0.3116
1779426919.0273142,1.96,468.82,131.71,195.54,633.87,43.3,0.3116
1779426919.5349348,1.96,478.56,131.28,206.31,633.74,42.9,0.3116
1779426920.0342207,1.99,472.19,130.83,200.74,633.68,40.0,0.3116
1779426920.558207,1.99,496.86,143.71,211.97,633.88,55.1,0.3116
1779426921.0855272,1.9,496.61,121.28,234.5,634.19,50.9,0.3116
1779426921.5939016,1.9,480.37,132.86,206.63,633.86,38.7,0.3116
1779426922.0993993,1.97,478.62,134.55,202.78,633.8,42.2,0.3116
1779426922.6116495,1.97,484.95,137.27,207.26,633.46,38.2,0.3116
1779426923.1123006,1.97,473.57,131.06,201.51,634.02,38.8,0.3116
1779426923.6302307,1.97,489.92,145.11,204.31,633.73,56.4,0.3116
1779426924.1368668,1.95,476.67,126.74,207.16,631.25,40.1,0.3116
1779506523.124119,1.98,467.7,133.1,193.55,636.69,38.1,0.3116
1779506523.6298869,2.0,476.5,131.86,204.5,636.33,38.9,0.3116
1779506524.1528811,2.0,495.67,149.23,205.77,636.44,52.4,0.3116
1779506524.6658876,1.93,484.41,132.01,204.66,636.59,40.9,0.3116
1779506525.188697,1.93,495.86,137.01,213.41,637.95,41.1,0.3116
1779507080.1734517,1.92,512.29,158.72,209.05,608.07,70.7,0.3116
1779507080.68799,1.9,486.19,122.01,223.48,608.29,56.5,0.3116
1779507081.2055984,1.9,484.66,138.87,203.38,608.35,55.8,0.3116
1779507081.726359,1.93,489.21,139.8,208.5,608.09,50.7,0.3116
1779507082.2396877,1.93,486.15,128.76,211.2,608.3,50.0,0.3116
1779507082.7608528,1.93,493.7,143.04,205.5,608.1,47.3,0.3116
1779507083.2723408,1.93,483.33,128.04,214.37,608.36,47.0,0.3116
1779507083.7924562,1.94,490.89,147.16,196.96,608.29,45.2,0.3116
1779507084.333161,1.94,513.35,170.39,202.0,608.27,60.7,0.3116
1779507084.8551686,1.88,488.78,133.43,214.76,608.02,50.7,0.3116
1779507085.408848,1.88,525.47,137.53,242.88,608.28,55.5,0.3116
1779507085.9125454,1.89,475.1,124.52,203.12,607.99,45.7,0.3116
1779507086.465678,1.89,525.08,150.14,234.4,607.98,59.0,0.3116
1779507086.9989061,1.84,504.54,144.32,219.57,608.21,69.3,0.3116
1779507087.5335586,1.84,500.77,133.09,218.84,608.33,50.5,0.3116
1779507088.0896554,1.83,527.49,177.46,208.78,608.27,59.8,0.3116
1779507088.583169,1.83,466.03,124.87,200.38,608.24,39.7,0.3116
1779507089.1094463,1.96,498.75,146.02,212.25,606.28,48.1,0.3116
1779507089.6190813,1.96,481.58,131.49,209.48,607.39,42.2,0.3116
1779507090.146086,1.93,498.96,170.48,187.35,608.58,57.5,0.3116
1779507090.6860616,1.93,512.4,152.26,219.41,607.82,50.4,0.3116
1779507091.2177033,1.87,499.26,153.53,205.37,608.1,43.2,0.3116
1779507091.7215042,1.87,473.08,129.22,203.15,608.05,40.4,0.3116
1779507092.2226496,1.99,473.03,134.99,196.98,608.2,50.0,0.3116
1779507092.7668655,1.99,514.42,140.72,225.57,607.73,52.3,0.3116
1779507093.2790487,1.89,482.67,140.1,201.32,608.15,50.5,0.3116
1779507093.7679088,1.89,458.58,129.34,188.26,608.27,47.6,0.3116
1779507094.2874136,1.98,488.69,134.1,214.28,608.23,46.9,0.3116
1779507094.8145616,1.98,499.74,144.51,209.55,608.08,62.7,0.3116
1779507095.3010473,1.97,459.06,132.09,186.61,608.23,55.0,0.3116
1779507095.8013,1.97,467.92,134.97,192.56,608.04,49.0,0.3116
1779507096.331234,1.94,502.29,144.72,210.12,607.86,45.7,0.3116
1779507096.8498607,1.94,490.96,146.76,203.42,608.23,50.5,0.3116
1779507097.3820548,1.9,499.26,149.15,209.5,607.92,52.1,0.3116
1779507097.8866658,1.9,476.64,130.7,204.44,608.02,51.0,0.3116
1779507098.403934,1.96,487.91,144.53,202.94,607.88,53.6,0.3116
1779507098.9146245,1.96,479.74,140.96,197.98,607.92,48.5,0.3116
1779507099.4311407,1.95,484.02,131.3,210.43,608.15,47.8,0.3116
1779507099.944142,1.95,486.01,141.06,203.75,608.06,49.3,0.3116
1779507100.4613233,1.94,486.75,136.25,210.12,607.96,49.3,0.3116
1779507100.96686,1.94,476.74,131.32,204.28,605.51,38.6,0.3116
1779507101.4966812,1.93,502.86,144.32,217.72,607.09,54.5,0.3116
1779507102.0073905,1.93,480.71,136.04,203.77,608.69,52.8,0.3116
1779507102.5499969,1.9,510.04,154.28,212.39,608.34,64.5,0.3116
1779507103.0518155,1.9,474.52,132.29,201.72,607.71,50.3,0.3116
1779507103.5981135,1.91,515.89,171.78,203.16,608.07,58.7,0.3116
1779507104.1841261,1.91,557.26,164.96,251.79,607.91,67.8,0.3116
1779507104.7299612,1.77,516.73,167.22,208.48,607.78,64.9,0.3116
1779507105.2247427,1.77,465.87,129.68,195.68,608.02,53.6,0.3116
1779507105.71406,1.77,459.96,127.4,192.13,607.7,56.0,0.3116
1779507106.254437,1.97,512.84,113.26,254.89,605.14,75.7,0.3116
1779507106.7839458,1.97,494.91,144.96,208.42,603.69,64.1,0.3116
1779507107.247522,1.97,435.55,105.75,189.26,603.56,47.3,0.3116
1779507107.7759829,1.97,501.35,126.83,233.93,603.99,55.0,0.3116
1779507108.3450954,1.97,540.03,180.74,213.35,603.93,52.8,0.3116
1779507108.854323,1.85,482.49,137.32,199.96,603.58,46.3,0.3116
1779507109.3615017,1.85,480.78,135.71,204.57,604.12,41.5,0.3116
1779507109.8417861,1.85,452.92,121.88,190.53,604.03,46.0,0.3116
1779507110.3480673,2.01,473.21,125.72,207.15,603.91,41.9,0.3116
1779507110.8569975,2.01,482.08,133.89,204.02,603.82,42.4,0.3116
1779507111.3569748,1.98,472.31,131.69,199.23,603.93,42.2,0.3116
1779507111.8520253,1.98,464.87,132.1,191.59,604.14,51.5,0.3116
1779507112.35293,1.98,472.82,133.76,197.83,603.73,44.8,0.3116
1779507112.8372312,2.03,457.2,135.97,180.23,603.63,44.3,0.3116
1779507113.3397896,2.03,473.68,129.15,204.36,603.34,43.8,0.3116
1779507113.858013,1.96,490.64,138.14,212.21,604.52,43.8,0.3116
1779507114.373101,1.96,487.97,134.3,213.09,604.29,43.8,0.3116
1779507114.9081612,1.9,506.26,148.31,217.07,603.6,44.4,0.3116
1779507115.4167821,1.9,481.36,133.22,207.39,603.28,42.0,0.3116
1779507115.933006,1.95,488.95,135.59,211.94,603.2,48.3,0.3116
1779507116.4503,1.95,488.59,135.22,205.99,603.97,42.4,0.3116
1779507883.68888,1.96,483.62,142.29,199.38,620.32,42.9,0.3116
1779507884.1945965,1.96,474.57,132.03,201.76,620.55,43.9,0.3116
1779507884.7026381,1.97,478.28,132.0,205.39,620.29,41.7,0.3116
1779507885.208393,1.97,476.28,135.92,199.13,620.43,41.3,0.3116
1779507885.6943283,1.97,455.34,129.22,185.48,620.34,40.6,0.3116
1779507886.1875484,2.02,464.16,133.11,190.64,620.07,46.5,0.3116
1779507886.6839676,2.02,467.45,135.75,191.07,619.92,55.6,0.3116
1779507887.1988363,1.98,484.69,134.41,205.43,620.11,45.0,0.3116
1779507887.7045996,1.98,476.27,130.78,204.24,620.34,40.8,0.3116
1779507888.217106,1.96,483.31,135.19,206.11,620.27,45.3,0.3116
1779507888.726429,1.96,479.47,132.52,205.44,619.98,43.1,0.3116
1779507889.2367349,1.96,480.27,130.73,207.0,620.08,42.5,0.3116
1779507889.7441823,1.96,477.25,133.67,201.91,620.25,43.4,0.3116
1779507890.328543,1.83,553.42,172.1,227.46,620.36,51.7,0.3116
1779507890.8343408,1.83,473.04,131.87,199.87,620.39,54.1,0.3116
1779507891.3293092,2.0,464.67,136.05,187.28,620.28,45.4,0.3116
1779507891.8342288,2.0,476.1,131.15,204.34,619.9,41.2,0.3116
1779507892.3693376,1.92,504.44,138.85,224.26,619.65,50.4,0.3116
1779507892.902639,1.92,501.62,141.69,218.68,619.86,50.7,0.3116
1779507893.3917913,1.96,456.42,127.11,188.67,620.94,50.3,0.3116
1779507893.9257488,1.96,502.3,137.61,218.12,620.55,59.0,0.3116
1779507894.451285,1.89,495.97,143.49,210.91,620.99,45.9,0.3116
1779507894.9878926,1.89,506.28,139.91,225.41,621.04,52.9,0.3116
1779507895.523861,1.86,505.53,154.42,204.45,620.69,48.8,0.3116
1779507896.0411675,1.86,487.85,138.27,208.82,620.78,51.4,0.3116
1779507896.5936978,1.87,523.46,131.27,251.52,620.71,59.5,0.3116
1779507897.13857,1.87,514.25,157.66,215.55,620.64,67.7,0.3116
1779507897.640769,1.91,467.38,122.59,203.81,620.39,50.0,0.3116
1779507898.1857774,1.91,510.86,151.76,217.13,620.55,53.3,0.3116
1779507898.7215514,1.85,505.69,161.16,196.67,620.27,53.7,0.3116
1779507899.222281,1.85,471.66,121.71,209.49,620.68,44.1,0.3116
1779507899.7327948,1.98,480.45,139.35,198.71,620.54,41.5,0.3116
1779507900.2365954,1.98,473.96,130.95,201.54,620.55,47.3,0.3116
1779507900.7442017,1.98,477.93,131.34,205.37,620.21,41.8,0.3116
1779507901.2846196,1.98,509.91,142.09,226.59,620.75,53.0,0.3116
1779507901.7943525,1.9,477.7,129.67,207.17,620.46,42.2,0.3116
1779507902.3117254,1.9,488.81,139.97,205.66,620.47,42.9,0.3116
1779507902.8208613,1.95,479.55,131.27,203.35,620.44,41.2,0.3116
1779508179.4039168,1.96,475.78,134.12,201.48,627.27,43.3,0.3116
1779508179.917691,1.96,485.28,133.56,210.82,627.74,45.5,0.3116
1779508180.4357817,1.94,488.56,144.16,203.58,627.55,53.6,0.3116
1779508180.9409137,1.94,474.55,132.21,200.34,627.62,40.7,0.3116
1779508181.4401956,1.99,470.03,128.75,197.99,627.53,40.1,0.3116
1779508181.9381511,1.99,468.91,125.79,202.63,627.66,38.1,0.3116
1779508182.4476264,1.99,479.91,135.22,203.58,627.3,40.7,0.3116
1779509124.6993003,1.97,482.33,137.88,200.19,658.29,41.6,0.3116
1779509125.21224,1.97,483.39,128.21,213.95,658.0,41.5,0.3116
1779509125.7267697,1.95,481.37,134.06,205.78,658.19,39.1,0.3116
1779509126.2399523,1.95,482.86,134.09,203.72,658.29,41.2,0.3116
1779509126.7445273,1.97,474.38,134.45,198.56,658.31,43.9,0.3116
1779509127.2491434,1.97,475.3,130.39,203.35,657.77,45.8,0.3116
1779509127.7550526,1.98,475.17,134.4,199.13,658.25,50.0,0.3116
1779509128.298931,1.98,514.48,166.75,206.55,657.96,54.6,0.3116
1779509128.8242643,1.87,492.51,146.39,205.3,657.73,50.5,0.3116
1779509129.3139448,1.87,459.35,129.96,188.39,658.25,49.2,0.3116
1779509129.8381305,1.97,490.75,140.94,208.85,657.98,48.8,0.3116
1779509130.3482132,1.97,475.18,128.29,206.15,658.12,41.5,0.3116
1779509130.8545182,1.97,477.25,132.52,203.03,658.09,43.2,0.3116
1779509131.362065,1.97,476.12,134.97,199.67,658.26,40.7,0.3116
1779509131.8703337,1.97,477.91,126.57,210.4,658.15,43.5,0.3116
1779509132.384819,1.97,485.53,136.35,207.75,657.89,42.0,0.3116
1779509132.887362,1.97,473.49,128.77,203.32,658.07,41.5,0.3116
1779509133.3919404,1.97,475.06,128.65,205.03,656.48,44.5,0.3116
1779509133.9051216,1.97,480.35,133.6,201.75,657.31,41.8,0.3116
1779509134.4221144,1.97,488.27,131.17,214.82,658.64,41.9,0.3116
1779509134.923602,1.96,471.48,129.37,199.94,657.9,42.4,0.3116
1779509135.4253807,1.96,471.97,129.79,201.16,657.61,45.5,0.3116
1779510494.4303052,1.97,489.67,148.65,200.18,724.4,42.9,0.3116
1779510494.9343054,1.95,472.65,135.19,196.44,724.54,42.9,0.3116
1779510495.435492,1.95,470.47,129.79,198.85,724.41,45.6,0.3116
1779510495.9390466,1.99,473.01,131.51,200.95,724.73,49.7,0.3116
1779510496.4438233,1.99,475.09,135.25,198.0,724.56,46.2,0.3116
1779510496.93431,1.99,459.45,123.35,194.85,724.46,45.5,0.3116
1779510497.436878,2.0,471.9,156.32,170.21,724.43,57.0,0.3116
1779510497.94281,2.0,475.99,137.33,198.12,724.36,41.1,0.3116
1779510498.4606586,1.95,488.82,141.04,206.71,724.19,46.4,0.3116
1779510498.9937372,1.95,503.26,150.43,207.62,724.78,58.5,0.3116
1779510499.5023136,1.92,478.26,140.87,196.0,724.46,44.6,0.3116
1779510500.0243912,1.92,490.65,148.62,200.95,724.38,58.0,0.3116
1779510500.5163877,1.97,459.61,128.09,190.99,724.32,47.4,0.3116
1779510501.0102088,1.97,462.38,124.2,192.25,724.49,42.9,0.3116
1779510501.5093963,1.97,468.53,131.05,195.64,724.38,41.8,0.3116
1779510502.0187826,2.0,477.42,134.82,197.65,724.32,41.1,0.3116
1779510502.5291195,2.0,481.15,130.48,209.99,724.48,52.0,0.3116
1779510503.031628,1.97,471.81,135.99,194.6,723.62,45.7,0.3116
1779510503.5231874,1.97,461.36,132.62,188.01,724.09,49.7,0.3116
1779510504.0343575,1.99,480.89,137.21,197.71,725.41,52.0,0.3116
1779510504.588083,1.99,523.49,156.96,225.48,724.96,55.9,0.3116
1779510505.0947902,1.89,475.45,129.3,204.29,724.8,40.6,0.3116
1779510505.5972595,1.89,465.81,133.92,190.62,725.01,42.7,0.3116
1779510506.0933845,1.89,466.28,129.77,195.99,724.94,40.3,0.3116
1779511881.4807305,1.99,476.79,134.48,201.29,726.77,44.9,0.3116
1779511881.9900985,1.99,478.19,138.06,199.01,726.66,41.3,0.3116
1779511882.4920926,1.98,471.41,130.7,200.09,726.78,42.9,0.3116
1779511882.9915352,1.98,468.4,128.74,197.44,726.67,40.8,0.3116
1779511883.5083964,1.97,485.78,146.4,194.8,726.76,42.6,0.3116
1779511884.0230732,1.97,484.01,139.44,204.16,726.95,44.7,0.3116
1779511884.528381,1.96,475.17,136.11,197.99,726.85,40.2,0.3116
1779511885.0300803,1.96,471.36,131.57,198.22,726.73,40.1,0.3116
1779511885.529416,2.0,467.08,138.72,187.71,726.85,41.4,0.3116
1779511886.037005,2.0,477.2,134.21,197.41,726.75,41.8,0.3116
1779511886.5402362,1.98,474.02,133.61,195.47,726.93,41.8,0.3116
1779511887.036385,1.98,464.83,126.62,194.79,726.66,46.6,0.3116
1779511887.5410674,2.0,475.25,131.89,202.92,726.62,46.1,0.3116
1779511888.0420594,2.0,470.82,133.8,196.5,727.11,43.1,0.3116
1779511888.550927,1.98,478.63,132.2,200.59,726.73,40.6,0.3116
1779511889.0673008,1.98,486.74,137.05,203.38,726.37,45.4,0.3116
1779511889.5634646,1.98,465.54,130.19,193.75,726.97,43.1,0.3116
1779511890.0758264,1.98,482.55,133.06,208.79,726.04,47.0,0.3116
1779511890.5797176,1.97,474.02,134.26,199.0,726.48,46.6,0.3116
1779511891.083431,1.97,472.62,130.35,196.68,727.57,41.5,0.3116
1779511891.5872216,1.99,472.56,132.41,199.43,726.85,47.6,0.3116
1779511892.0918279,1.99,474.56,136.19,197.82,726.53,41.4,0.3116
1779511892.596516,1.98,474.88,134.13,199.39,726.77,42.2,0.3116
1779511893.1049066,1.98,477.45,136.76,199.62,726.97,42.2,0.3116
1779511893.6091888,1.97,474.22,134.62,198.75,727.23,40.0,0.3116
1779511894.1162186,1.97,476.94,134.42,201.78,727.16,38.5,0.3116
1779511894.6140227,1.99,468.26,131.02,196.16,727.35,42.6,0.3116
1779511895.1224535,1.99,477.18,132.88,203.61,727.04,42.6,0.3116
1779511895.6271362,1.97,474.28,128.58,200.27,727.04,41.3,0.3116
1779511896.1125584,1.97,453.72,121.05,186.87,726.97,39.8,0.3116
1779511896.6245732,1.97,480.79,153.42,186.53,727.0,62.5,0.3116
1779511897.1204128,2.01,465.63,129.08,195.43,727.16,41.1,0.3116
1779511897.6368241,2.01,486.68,145.6,199.78,727.38,46.3,0.3116
1779511898.138056,1.97,470.72,132.5,197.14,727.36,42.0,0.3116
1779511898.6272159,1.97,458.27,127.46,190.27,727.33,46.3,0.3116
1779511899.1507602,1.97,493.74,140.37,212.58,727.03,48.0,0.3116
1779511899.6535141,1.97,471.76,136.05,195.12,727.0,46.2,0.3116
1779511900.1577663,1.99,473.8,133.3,198.92,726.87,43.2,0.3116
1779511900.6623926,1.99,472.57,131.63,200.36,727.13,42.0,0.3116
1779511901.1927195,1.93,498.3,149.58,202.68,726.83,43.7,0.3116
1779511901.6996453,1.93,475.56,128.76,205.77,724.95,42.6,0.3116
1779511902.2089334,1.97,479.02,131.33,206.81,726.72,45.6,0.3116
1779511902.7137778,1.97,474.47,135.32,198.45,727.57,42.3,0.3116
1779511903.2224326,1.97,478.77,132.47,200.78,727.72,41.8,0.3116
1779511903.7467031,1.97,493.53,137.67,214.35,727.26,48.8,0.3116
1779511904.2207532,1.97,441.71,118.39,181.67,727.61,50.8,0.3116
1779511904.7445073,1.97,489.69,132.13,216.59,727.4,44.7,0.3116
1779511905.2476065,1.97,471.14,135.06,188.77,727.37,50.5,0.3116
1779511905.8001764,1.89,522.04,148.45,232.91,727.27,68.4,0.3116
1779511906.3006735,1.89,468.57,146.66,179.91,727.86,57.8,0.3116
1779511906.838647,1.93,506.92,160.55,198.19,727.57,49.8,0.3116
1779511907.3712802,1.93,500.64,158.3,201.35,727.57,59.9,0.3116
1779511907.8848875,1.91,482.59,133.88,207.29,727.38,47.0,0.3116
1779511908.4007823,1.91,486.92,145.85,200.06,727.83,45.6,0.3116
1779511908.9069061,1.96,475.62,136.16,198.41,727.88,58.6,0.3116
1779511909.4033263,1.96,465.44,131.84,192.59,727.48,42.5,0.3116
1779511909.898355,1.96,465.55,127.99,196.75,727.48,38.2,0.3116
1779511910.3996267,2.01,471.19,131.87,198.76,727.89,43.3,0.3116
1779511910.844953,2.01,415.19,114.39,159.75,727.57,46.0,0.3116
1779511911.3406575,2.01,466.97,126.26,199.82,727.41,39.2,0.3116
1779511911.8394456,2.08,467.9,128.48,196.96,727.61,39.9,0.3116
1779511912.3076503,2.08,438.2,108.48,185.17,727.51,49.4,0.3116
1779511912.7761922,2.08,438.48,117.64,180.43,727.28,48.6,0.3116
1779511913.245679,2.13,439.9,119.18,179.93,727.7,46.7,0.3116
1779511913.7180376,2.13,441.18,107.69,189.91,726.81,54.0,0.3116
1779511914.2245324,2.13,474.82,134.23,199.08,727.91,47.5,0.3116
1779511914.722531,2.03,467.5,127.92,198.57,728.05,40.9,0.3116
1779511915.223404,2.03,470.99,128.6,196.61,727.68,38.0,0.3116
1779511915.7349348,1.98,481.19,140.34,199.43,727.77,42.3,0.3116
1779511916.2434258,1.98,478.6,131.33,202.37,727.35,40.1,0.3116
1779511916.772172,1.93,499.08,131.73,226.77,727.98,44.1,0.3116
